"filename", "language", "TypeScript", "YAML", "Markdown", "Shell Script", "MS SQL", "JSON", "JavaScript", "JSON with Comments", "XML", "TypeScript JSX", "PostCSS", "Ignore", "comment", "blank", "total"
"/Users/joseph/Desktop/mularpay/.claude/settings.local.json", "JSON", 0, 0, 0, 0, 0, 15, 0, 0, 0, 0, 0, 0, 0, 1, 16
"/Users/joseph/Desktop/mularpay/.eslintrc.js", "JavaScript", 0, 0, 0, 0, 0, 0, 25, 0, 0, 0, 0, 0, 0, 1, 26
"/Users/joseph/Desktop/mularpay/.github/workflows/ci.yml", "YAML", 0, 39, 0, 0, 0, 0, 0, 0, 0, 0, 0, 0, 0, 13, 52
"/Users/joseph/Desktop/mularpay/.github/workflows/deploy-api-production.yml", "YAML", 0, 59, 0, 0, 0, 0, 0, 0, 0, 0, 0, 0, 0, 13, 72
"/Users/joseph/Desktop/mularpay/.github/workflows/deploy-api-staging.yml", "YAML", 0, 52, 0, 0, 0, 0, 0, 0, 0, 0, 0, 0, 0, 11, 63
"/Users/joseph/Desktop/mularpay/.github/workflows/deploy-web.yml", "YAML", 0, 59, 0, 0, 0, 0, 0, 0, 0, 0, 0, 0, 0, 18, 77
"/Users/joseph/Desktop/mularpay/.prettierignore", "Ignore", 0, 0, 0, 0, 0, 0, 0, 0, 0, 0, 0, 6, 0, 1, 7
"/Users/joseph/Desktop/mularpay/.prettierrc", "JSON", 0, 0, 0, 0, 0, 9, 0, 0, 0, 0, 0, 0, 0, 1, 10
"/Users/joseph/Desktop/mularpay/COMMIT_MESSAGE.md", "Markdown", 0, 0, 63, 0, 0, 0, 0, 0, 0, 0, 0, 0, 0, 13, 76
"/Users/joseph/Desktop/mularpay/DEPOSIT_LIMITS_COMMIT.md", "Markdown", 0, 0, 71, 0, 0, 0, 0, 0, 0, 0, 0, 0, 0, 29, 100
"/Users/joseph/Desktop/mularpay/README.md", "Markdown", 0, 0, 174, 0, 0, 0, 0, 0, 0, 0, 0, 0, 0, 77, 251
"/Users/joseph/Desktop/mularpay/WALLET_BUG_FIX_SUMMARY.md", "Markdown", 0, 0, 239, 0, 0, 0, 0, 0, 0, 0, 0, 0, 0, 105, 344
"/Users/joseph/Desktop/mularpay/apps/mularpay-admin/.claude/settings.local.json", "JSON", 0, 0, 0, 0, 0, 12, 0, 0, 0, 0, 0, 0, 0, 1, 13
"/Users/joseph/Desktop/mularpay/apps/mularpay-admin/ADMIN_DASHBOARD_NEXTJS_PLAN.md", "Markdown", 0, 0, 1192, 0, 0, 0, 0, 0, 0, 0, 0, 0, 0, 301, 1493
"/Users/joseph/Desktop/mularpay/apps/mularpay-admin/ADMIN_ENDPOINTS_PLAN.md", "Markdown", 0, 0, 571, 0, 0, 0, 0, 0, 0, 0, 0, 0, 0, 186, 757
"/Users/joseph/Desktop/mularpay/apps/mularpay-admin/IMPLEMENTATION_PROGRESS.md", "Markdown", 0, 0, 200, 0, 0, 0, 0, 0, 0, 0, 0, 0, 0, 34, 234
"/Users/joseph/Desktop/mularpay/apps/mularpay-admin/RBAC_PLAN.md", "Markdown", 0, 0, 133, 0, 0, 0, 0, 0, 0, 0, 0, 0, 0, 27, 160
"/Users/joseph/Desktop/mularpay/apps/mularpay-admin/README.md", "Markdown", 0, 0, 23, 0, 0, 0, 0, 0, 0, 0, 0, 0, 0, 14, 37
"/Users/joseph/Desktop/mularpay/apps/mularpay-admin/app/dashboard/admins/page.tsx", "TypeScript JSX", 0, 0, 0, 0, 0, 0, 0, 0, 0, 511, 0, 0, 5, 21, 537
"/Users/joseph/Desktop/mularpay/apps/mularpay-admin/app/dashboard/analytics/page.tsx", "TypeScript JSX", 0, 0, 0, 0, 0, 0, 0, 0, 0, 364, 0, 0, 6, 23, 393
"/Users/joseph/Desktop/mularpay/apps/mularpay-admin/app/dashboard/audit/[logId]/page.tsx", "TypeScript JSX", 0, 0, 0, 0, 0, 0, 0, 0, 0, 180, 0, 0, 7, 15, 202
"/Users/joseph/Desktop/mularpay/apps/mularpay-admin/app/dashboard/audit/page.tsx", "TypeScript JSX", 0, 0, 0, 0, 0, 0, 0, 0, 0, 283, 0, 0, 5, 18, 306
"/Users/joseph/Desktop/mularpay/apps/mularpay-admin/app/dashboard/cashback/page.tsx", "TypeScript JSX", 0, 0, 0, 0, 0, 0, 0, 0, 0, 508, 0, 0, 13, 32, 553
"/Users/joseph/Desktop/mularpay/apps/mularpay-admin/app/dashboard/crypto/[orderId]/page.tsx", "TypeScript JSX", 0, 0, 0, 0, 0, 0, 0, 0, 0, 308, 0, 0, 4, 27, 339
"/Users/joseph/Desktop/mularpay/apps/mularpay-admin/app/dashboard/crypto/page.tsx", "TypeScript JSX", 0, 0, 0, 0, 0, 0, 0, 0, 0, 262, 0, 0, 5, 17, 284
"/Users/joseph/Desktop/mularpay/apps/mularpay-admin/app/dashboard/deletions/[requestId]/page.tsx", "TypeScript JSX", 0, 0, 0, 0, 0, 0, 0, 0, 0, 312, 0, 0, 7, 21, 340
"/Users/joseph/Desktop/mularpay/apps/mularpay-admin/app/dashboard/deletions/page.tsx", "TypeScript JSX", 0, 0, 0, 0, 0, 0, 0, 0, 0, 285, 0, 0, 5, 19, 309
"/Users/joseph/Desktop/mularpay/apps/mularpay-admin/app/dashboard/giftcards/[orderId]/page.tsx", "TypeScript JSX", 0, 0, 0, 0, 0, 0, 0, 0, 0, 298, 0, 0, 4, 26, 328
"/Users/joseph/Desktop/mularpay/apps/mularpay-admin/app/dashboard/giftcards/page.tsx", "TypeScript JSX", 0, 0, 0, 0, 0, 0, 0, 0, 0, 256, 0, 0, 4, 17, 277
"/Users/joseph/Desktop/mularpay/apps/mularpay-admin/app/dashboard/kyc/[userId]/page.tsx", "TypeScript JSX", 0, 0, 0, 0, 0, 0, 0, 0, 0, 373, 0, 0, 6, 26, 405
"/Users/joseph/Desktop/mularpay/apps/mularpay-admin/app/dashboard/kyc/page.tsx", "TypeScript JSX", 0, 0, 0, 0, 0, 0, 0, 0, 0, 206, 0, 0, 6, 20, 232
"/Users/joseph/Desktop/mularpay/apps/mularpay-admin/app/dashboard/layout.tsx", "TypeScript JSX", 0, 0, 0, 0, 0, 0, 0, 0, 0, 13, 0, 0, 2, 3, 18
"/Users/joseph/Desktop/mularpay/apps/mularpay-admin/app/dashboard/notifications/page.tsx", "TypeScript JSX", 0, 0, 0, 0, 0, 0, 0, 0, 0, 671, 0, 0, 17, 32, 720
"/Users/joseph/Desktop/mularpay/apps/mularpay-admin/app/dashboard/page.tsx", "TypeScript JSX", 0, 0, 0, 0, 0, 0, 0, 0, 0, 209, 0, 0, 4, 14, 227
"/Users/joseph/Desktop/mularpay/apps/mularpay-admin/app/dashboard/rate-limits/locked-accounts/page.tsx", "TypeScript JSX", 0, 0, 0, 0, 0, 0, 0, 0, 0, 272, 0, 0, 4, 31, 307
"/Users/joseph/Desktop/mularpay/apps/mularpay-admin/app/dashboard/rate-limits/page.tsx", "TypeScript JSX", 0, 0, 0, 0, 0, 0, 0, 0, 0, 247, 0, 0, 7, 21, 275
"/Users/joseph/Desktop/mularpay/apps/mularpay-admin/app/dashboard/rate-limits/violations/page.tsx", "TypeScript JSX", 0, 0, 0, 0, 0, 0, 0, 0, 0, 260, 0, 0, 4, 17, 281
"/Users/joseph/Desktop/mularpay/apps/mularpay-admin/app/dashboard/settings/page.tsx", "TypeScript JSX", 0, 0, 0, 0, 0, 0, 0, 0, 0, 710, 0, 0, 15, 32, 757
"/Users/joseph/Desktop/mularpay/apps/mularpay-admin/app/dashboard/support/canned-responses/page.tsx", "TypeScript JSX", 0, 0, 0, 0, 0, 0, 0, 0, 0, 328, 0, 0, 5, 18, 351
"/Users/joseph/Desktop/mularpay/apps/mularpay-admin/app/dashboard/support/conversations/[id]/page.tsx", "TypeScript JSX", 0, 0, 0, 0, 0, 0, 0, 0, 0, 502, 0, 0, 15, 32, 549
"/Users/joseph/Desktop/mularpay/apps/mularpay-admin/app/dashboard/support/conversations/page.tsx", "TypeScript JSX", 0, 0, 0, 0, 0, 0, 0, 0, 0, 298, 0, 0, 7, 15, 320
"/Users/joseph/Desktop/mularpay/apps/mularpay-admin/app/dashboard/support/emails/[id]/page.tsx", "TypeScript JSX", 0, 0, 0, 0, 0, 0, 0, 0, 0, 534, 0, 0, 14, 22, 570
"/Users/joseph/Desktop/mularpay/apps/mularpay-admin/app/dashboard/support/emails/page.tsx", "TypeScript JSX", 0, 0, 0, 0, 0, 0, 0, 0, 0, 325, 0, 0, 4, 14, 343
"/Users/joseph/Desktop/mularpay/apps/mularpay-admin/app/dashboard/support/help-center/page.tsx", "TypeScript JSX", 0, 0, 0, 0, 0, 0, 0, 0, 0, 790, 0, 0, 16, 34, 840
"/Users/joseph/Desktop/mularpay/apps/mularpay-admin/app/dashboard/support/page.tsx", "TypeScript JSX", 0, 0, 0, 0, 0, 0, 0, 0, 0, 431, 0, 0, 6, 19, 456
"/Users/joseph/Desktop/mularpay/apps/mularpay-admin/app/dashboard/support/tickets/[id]/page.tsx", "TypeScript JSX", 0, 0, 0, 0, 0, 0, 0, 0, 0, 422, 0, 0, 10, 25, 457
"/Users/joseph/Desktop/mularpay/apps/mularpay-admin/app/dashboard/support/tickets/page.tsx", "TypeScript JSX", 0, 0, 0, 0, 0, 0, 0, 0, 0, 319, 0, 0, 5, 16, 340
"/Users/joseph/Desktop/mularpay/apps/mularpay-admin/app/dashboard/transactions/[transactionId]/page.tsx", "TypeScript JSX", 0, 0, 0, 0, 0, 0, 0, 0, 0, 324, 0, 0, 6, 26, 356
"/Users/joseph/Desktop/mularpay/apps/mularpay-admin/app/dashboard/transactions/page.tsx", "TypeScript JSX", 0, 0, 0, 0, 0, 0, 0, 0, 0, 264, 0, 0, 4, 16, 284
"/Users/joseph/Desktop/mularpay/apps/mularpay-admin/app/dashboard/users/[userId]/page.tsx", "TypeScript JSX", 0, 0, 0, 0, 0, 0, 0, 0, 0, 388, 0, 0, 9, 26, 423
"/Users/joseph/Desktop/mularpay/apps/mularpay-admin/app/dashboard/users/page.tsx", "TypeScript JSX", 0, 0, 0, 0, 0, 0, 0, 0, 0, 233, 0, 0, 4, 14, 251
"/Users/joseph/Desktop/mularpay/apps/mularpay-admin/app/dashboard/venly-wallets/analytics/page.tsx", "TypeScript JSX", 0, 0, 0, 0, 0, 0, 0, 0, 0, 308, 0, 0, 7, 17, 332
"/Users/joseph/Desktop/mularpay/apps/mularpay-admin/app/dashboard/venly-wallets/conversions/page.tsx", "TypeScript JSX", 0, 0, 0, 0, 0, 0, 0, 0, 0, 215, 0, 0, 4, 12, 231
"/Users/joseph/Desktop/mularpay/apps/mularpay-admin/app/dashboard/venly-wallets/exchange-rates/page.tsx", "TypeScript JSX", 0, 0, 0, 0, 0, 0, 0, 0, 0, 243, 0, 0, 4, 15, 262
"/Users/joseph/Desktop/mularpay/apps/mularpay-admin/app/dashboard/venly-wallets/page.tsx", "TypeScript JSX", 0, 0, 0, 0, 0, 0, 0, 0, 0, 279, 0, 0, 5, 18, 302
"/Users/joseph/Desktop/mularpay/apps/mularpay-admin/app/dashboard/venly-wallets/transactions/page.tsx", "TypeScript JSX", 0, 0, 0, 0, 0, 0, 0, 0, 0, 279, 0, 0, 4, 17, 300
"/Users/joseph/Desktop/mularpay/apps/mularpay-admin/app/dashboard/virtual-accounts/[accountId]/page.tsx", "TypeScript JSX", 0, 0, 0, 0, 0, 0, 0, 0, 0, 322, 0, 0, 6, 28, 356
"/Users/joseph/Desktop/mularpay/apps/mularpay-admin/app/dashboard/virtual-accounts/failed/page.tsx", "TypeScript JSX", 0, 0, 0, 0, 0, 0, 0, 0, 0, 360, 0, 0, 5, 19, 384
"/Users/joseph/Desktop/mularpay/apps/mularpay-admin/app/dashboard/virtual-accounts/page.tsx", "TypeScript JSX", 0, 0, 0, 0, 0, 0, 0, 0, 0, 264, 0, 0, 4, 17, 285
"/Users/joseph/Desktop/mularpay/apps/mularpay-admin/app/dashboard/vtu/[orderId]/page.tsx", "TypeScript JSX", 0, 0, 0, 0, 0, 0, 0, 0, 0, 277, 0, 0, 4, 25, 306
"/Users/joseph/Desktop/mularpay/apps/mularpay-admin/app/dashboard/vtu/page.tsx", "TypeScript JSX", 0, 0, 0, 0, 0, 0, 0, 0, 0, 251, 0, 0, 4, 17, 272
"/Users/joseph/Desktop/mularpay/apps/mularpay-admin/app/dashboard/wallets/[userId]/page.tsx", "TypeScript JSX", 0, 0, 0, 0, 0, 0, 0, 0, 0, 508, 0, 0, 8, 31, 547
"/Users/joseph/Desktop/mularpay/apps/mularpay-admin/app/dashboard/wallets/page.tsx", "TypeScript JSX", 0, 0, 0, 0, 0, 0, 0, 0, 0, 233, 0, 0, 7, 15, 255
"/Users/joseph/Desktop/mularpay/apps/mularpay-admin/app/dashboard/withdrawal-config/page.tsx", "TypeScript JSX", 0, 0, 0, 0, 0, 0, 0, 0, 0, 490, 0, 0, 19, 29, 538
"/Users/joseph/Desktop/mularpay/apps/mularpay-admin/app/globals.css", "PostCSS", 0, 0, 0, 0, 0, 0, 0, 0, 0, 0, 116, 0, 0, 6, 122
"/Users/joseph/Desktop/mularpay/apps/mularpay-admin/app/layout.tsx", "TypeScript JSX", 0, 0, 0, 0, 0, 0, 0, 0, 0, 48, 0, 0, 18, 8, 74
"/Users/joseph/Desktop/mularpay/apps/mularpay-admin/app/login/page.tsx", "TypeScript JSX", 0, 0, 0, 0, 0, 0, 0, 0, 0, 110, 0, 0, 5, 14, 129
"/Users/joseph/Desktop/mularpay/apps/mularpay-admin/app/page.tsx", "TypeScript JSX", 0, 0, 0, 0, 0, 0, 0, 0, 0, 4, 0, 0, 0, 2, 6
"/Users/joseph/Desktop/mularpay/apps/mularpay-admin/components.json", "JSON", 0, 0, 0, 0, 0, 22, 0, 0, 0, 0, 0, 0, 0, 1, 23
"/Users/joseph/Desktop/mularpay/apps/mularpay-admin/components/dashboard/header.tsx", "TypeScript JSX", 0, 0, 0, 0, 0, 0, 0, 0, 0, 49, 0, 0, 0, 9, 58
"/Users/joseph/Desktop/mularpay/apps/mularpay-admin/components/dashboard/sidebar.tsx", "TypeScript JSX", 0, 0, 0, 0, 0, 0, 0, 0, 0, 242, 0, 0, 4, 10, 256
"/Users/joseph/Desktop/mularpay/apps/mularpay-admin/components/dashboard/stat-card.tsx", "TypeScript JSX", 0, 0, 0, 0, 0, 0, 0, 0, 0, 52, 0, 0, 0, 3, 55
"/Users/joseph/Desktop/mularpay/apps/mularpay-admin/components/providers/auth-provider.tsx", "TypeScript JSX", 0, 0, 0, 0, 0, 0, 0, 0, 0, 29, 0, 0, 4, 9, 42
"/Users/joseph/Desktop/mularpay/apps/mularpay-admin/components/providers/query-provider.tsx", "TypeScript JSX", 0, 0, 0, 0, 0, 0, 0, 0, 0, 18, 0, 0, 0, 4, 22
"/Users/joseph/Desktop/mularpay/apps/mularpay-admin/components/providers/theme-provider.tsx", "TypeScript JSX", 0, 0, 0, 0, 0, 0, 0, 0, 0, 9, 0, 0, 0, 3, 12
"/Users/joseph/Desktop/mularpay/apps/mularpay-admin/components/ui/alert-dialog.tsx", "TypeScript JSX", 0, 0, 0, 0, 0, 0, 0, 0, 0, 103, 0, 0, 0, 15, 118
"/Users/joseph/Desktop/mularpay/apps/mularpay-admin/components/ui/alert.tsx", "TypeScript JSX", 0, 0, 0, 0, 0, 0, 0, 0, 0, 53, 0, 0, 0, 7, 60
"/Users/joseph/Desktop/mularpay/apps/mularpay-admin/components/ui/badge.tsx", "TypeScript JSX", 0, 0, 0, 0, 0, 0, 0, 0, 0, 37, 0, 0, 0, 5, 42
"/Users/joseph/Desktop/mularpay/apps/mularpay-admin/components/ui/button.tsx", "TypeScript JSX", 0, 0, 0, 0, 0, 0, 0, 0, 0, 52, 0, 0, 0, 5, 57
"/Users/joseph/Desktop/mularpay/apps/mularpay-admin/components/ui/card.tsx", "TypeScript JSX", 0, 0, 0, 0, 0, 0, 0, 0, 0, 68, 0, 0, 0, 8, 76
"/Users/joseph/Desktop/mularpay/apps/mularpay-admin/components/ui/checkbox.tsx", "TypeScript JSX", 0, 0, 0, 0, 0, 0, 0, 0, 0, 24, 0, 0, 0, 5, 29
"/Users/joseph/Desktop/mularpay/apps/mularpay-admin/components/ui/confirm-dialog.tsx", "TypeScript JSX", 0, 0, 0, 0, 0, 0, 0, 0, 0, 160, 0, 0, 1, 17, 178
"/Users/joseph/Desktop/mularpay/apps/mularpay-admin/components/ui/dialog.tsx", "TypeScript JSX", 0, 0, 0, 0, 0, 0, 0, 0, 0, 91, 0, 0, 0, 14, 105
"/Users/joseph/Desktop/mularpay/apps/mularpay-admin/components/ui/dropdown-menu.tsx", "TypeScript JSX", 0, 0, 0, 0, 0, 0, 0, 0, 0, 168, 0, 0, 0, 17, 185
"/Users/joseph/Desktop/mularpay/apps/mularpay-admin/components/ui/input.tsx", "TypeScript JSX", 0, 0, 0, 0, 0, 0, 0, 0, 0, 19, 0, 0, 0, 3, 22
"/Users/joseph/Desktop/mularpay/apps/mularpay-admin/components/ui/label.tsx", "TypeScript JSX", 0, 0, 0, 0, 0, 0, 0, 0, 0, 20, 0, 0, 0, 4, 24
"/Users/joseph/Desktop/mularpay/apps/mularpay-admin/components/ui/pagination.tsx", "TypeScript JSX", 0, 0, 0, 0, 0, 0, 0, 0, 0, 85, 0, 0, 0, 12, 97
"/Users/joseph/Desktop/mularpay/apps/mularpay-admin/components/ui/select.tsx", "TypeScript JSX", 0, 0, 0, 0, 0, 0, 0, 0, 0, 145, 0, 0, 0, 12, 157
"/Users/joseph/Desktop/mularpay/apps/mularpay-admin/components/ui/skeleton.tsx", "TypeScript JSX", 0, 0, 0, 0, 0, 0, 0, 0, 0, 13, 0, 0, 0, 3, 16
"/Users/joseph/Desktop/mularpay/apps/mularpay-admin/components/ui/status-badge.tsx", "TypeScript JSX", 0, 0, 0, 0, 0, 0, 0, 0, 0, 67, 0, 0, 0, 10, 77
"/Users/joseph/Desktop/mularpay/apps/mularpay-admin/components/ui/switch.tsx", "TypeScript JSX", 0, 0, 0, 0, 0, 0, 0, 0, 0, 25, 0, 0, 0, 5, 30
"/Users/joseph/Desktop/mularpay/apps/mularpay-admin/components/ui/table.tsx", "TypeScript JSX", 0, 0, 0, 0, 0, 0, 0, 0, 0, 110, 0, 0, 0, 10, 120
"/Users/joseph/Desktop/mularpay/apps/mularpay-admin/components/ui/tabs.tsx", "TypeScript JSX", 0, 0, 0, 0, 0, 0, 0, 0, 0, 48, 0, 0, 0, 8, 56
"/Users/joseph/Desktop/mularpay/apps/mularpay-admin/components/ui/textarea.tsx", "TypeScript JSX", 0, 0, 0, 0, 0, 0, 0, 0, 0, 19, 0, 0, 1, 4, 24
"/Users/joseph/Desktop/mularpay/apps/mularpay-admin/eslint.config.mjs", "JavaScript", 0, 0, 0, 0, 0, 0, 14, 0, 0, 0, 0, 0, 2, 3, 19
"/Users/joseph/Desktop/mularpay/apps/mularpay-admin/hooks/index.ts", "TypeScript", 1, 0, 0, 0, 0, 0, 0, 0, 0, 0, 0, 0, 0, 1, 2
"/Users/joseph/Desktop/mularpay/apps/mularpay-admin/hooks/use-debounced-value.ts", "TypeScript", 33, 0, 0, 0, 0, 0, 0, 0, 0, 0, 0, 0, 39, 10, 82
"/Users/joseph/Desktop/mularpay/apps/mularpay-admin/lib/api-client.ts", "TypeScript", 57, 0, 0, 0, 0, 0, 0, 0, 0, 0, 0, 0, 7, 14, 78
"/Users/joseph/Desktop/mularpay/apps/mularpay-admin/lib/api/admins.ts", "TypeScript", 48, 0, 0, 0, 0, 0, 0, 0, 0, 0, 0, 0, 0, 10, 58
"/Users/joseph/Desktop/mularpay/apps/mularpay-admin/lib/api/analytics.ts", "TypeScript", 32, 0, 0, 0, 0, 0, 0, 0, 0, 0, 0, 0, 0, 6, 38
"/Users/joseph/Desktop/mularpay/apps/mularpay-admin/lib/api/app-config.ts", "TypeScript", 32, 0, 0, 0, 0, 0, 0, 0, 0, 0, 0, 0, 6, 5, 43
"/Users/joseph/Desktop/mularpay/apps/mularpay-admin/lib/api/audit-logs.ts", "TypeScript", 55, 0, 0, 0, 0, 0, 0, 0, 0, 0, 0, 0, 0, 7, 62
"/Users/joseph/Desktop/mularpay/apps/mularpay-admin/lib/api/auth.ts", "TypeScript", 20, 0, 0, 0, 0, 0, 0, 0, 0, 0, 0, 0, 0, 4, 24
"/Users/joseph/Desktop/mularpay/apps/mularpay-admin/lib/api/cashback.ts", "TypeScript", 62, 0, 0, 0, 0, 0, 0, 0, 0, 0, 0, 0, 15, 11, 88
"/Users/joseph/Desktop/mularpay/apps/mularpay-admin/lib/api/crypto.ts", "TypeScript", 43, 0, 0, 0, 0, 0, 0, 0, 0, 0, 0, 0, 0, 8, 51
"/Users/joseph/Desktop/mularpay/apps/mularpay-admin/lib/api/deletions.ts", "TypeScript", 45, 0, 0, 0, 0, 0, 0, 0, 0, 0, 0, 0, 0, 8, 53
"/Users/joseph/Desktop/mularpay/apps/mularpay-admin/lib/api/giftcards.ts", "TypeScript", 52, 0, 0, 0, 0, 0, 0, 0, 0, 0, 0, 0, 0, 8, 60
"/Users/joseph/Desktop/mularpay/apps/mularpay-admin/lib/api/help.ts", "TypeScript", 114, 0, 0, 0, 0, 0, 0, 0, 0, 0, 0, 0, 2, 14, 130
"/Users/joseph/Desktop/mularpay/apps/mularpay-admin/lib/api/kyc.ts", "TypeScript", 62, 0, 0, 0, 0, 0, 0, 0, 0, 0, 0, 0, 0, 9, 71
"/Users/joseph/Desktop/mularpay/apps/mularpay-admin/lib/api/notifications.ts", "TypeScript", 111, 0, 0, 0, 0, 0, 0, 0, 0, 0, 0, 0, 2, 18, 131
"/Users/joseph/Desktop/mularpay/apps/mularpay-admin/lib/api/support.ts", "TypeScript", 234, 0, 0, 0, 0, 0, 0, 0, 0, 0, 0, 0, 8, 30, 272
"/Users/joseph/Desktop/mularpay/apps/mularpay-admin/lib/api/transactions.ts", "TypeScript", 65, 0, 0, 0, 0, 0, 0, 0, 0, 0, 0, 0, 0, 10, 75
"/Users/joseph/Desktop/mularpay/apps/mularpay-admin/lib/api/users.ts", "TypeScript", 63, 0, 0, 0, 0, 0, 0, 0, 0, 0, 0, 0, 0, 10, 73
"/Users/joseph/Desktop/mularpay/apps/mularpay-admin/lib/api/venly-wallets.ts", "TypeScript", 161, 0, 0, 0, 0, 0, 0, 0, 0, 0, 0, 0, 6, 18, 185
"/Users/joseph/Desktop/mularpay/apps/mularpay-admin/lib/api/virtual-accounts.ts", "TypeScript", 74, 0, 0, 0, 0, 0, 0, 0, 0, 0, 0, 0, 0, 11, 85
"/Users/joseph/Desktop/mularpay/apps/mularpay-admin/lib/api/vtu.ts", "TypeScript", 53, 0, 0, 0, 0, 0, 0, 0, 0, 0, 0, 0, 0, 10, 63
"/Users/joseph/Desktop/mularpay/apps/mularpay-admin/lib/api/wallets.ts", "TypeScript", 46, 0, 0, 0, 0, 0, 0, 0, 0, 0, 0, 0, 0, 8, 54
"/Users/joseph/Desktop/mularpay/apps/mularpay-admin/lib/api/withdrawal.ts", "TypeScript", 63, 0, 0, 0, 0, 0, 0, 0, 0, 0, 0, 0, 15, 10, 88
"/Users/joseph/Desktop/mularpay/apps/mularpay-admin/lib/auth-store.ts", "TypeScript", 57, 0, 0, 0, 0, 0, 0, 0, 0, 0, 0, 0, 1, 5, 63
"/Users/joseph/Desktop/mularpay/apps/mularpay-admin/lib/permissions.ts", "TypeScript", 108, 0, 0, 0, 0, 0, 0, 0, 0, 0, 0, 0, 7, 13, 128
"/Users/joseph/Desktop/mularpay/apps/mularpay-admin/lib/utils.ts", "TypeScript", 54, 0, 0, 0, 0, 0, 0, 0, 0, 0, 0, 0, 1, 16, 71
"/Users/joseph/Desktop/mularpay/apps/mularpay-admin/next.config.ts", "TypeScript", 4, 0, 0, 0, 0, 0, 0, 0, 0, 0, 0, 0, 1, 3, 8
"/Users/joseph/Desktop/mularpay/apps/mularpay-admin/package-lock.json", "JSON", 0, 0, 0, 0, 0, 6577, 0, 0, 0, 0, 0, 0, 0, 1, 6578
"/Users/joseph/Desktop/mularpay/apps/mularpay-admin/package.json", "JSON", 0, 0, 0, 0, 0, 54, 0, 0, 0, 0, 0, 0, 0, 1, 55
"/Users/joseph/Desktop/mularpay/apps/mularpay-admin/postcss.config.mjs", "JavaScript", 0, 0, 0, 0, 0, 0, 6, 0, 0, 0, 0, 0, 0, 2, 8
"/Users/joseph/Desktop/mularpay/apps/mularpay-admin/public/file.svg", "XML", 0, 0, 0, 0, 0, 0, 0, 0, 1, 0, 0, 0, 0, 0, 1
"/Users/joseph/Desktop/mularpay/apps/mularpay-admin/public/globe.svg", "XML", 0, 0, 0, 0, 0, 0, 0, 0, 1, 0, 0, 0, 0, 0, 1
"/Users/joseph/Desktop/mularpay/apps/mularpay-admin/public/next.svg", "XML", 0, 0, 0, 0, 0, 0, 0, 0, 1, 0, 0, 0, 0, 0, 1
"/Users/joseph/Desktop/mularpay/apps/mularpay-admin/public/vercel.svg", "XML", 0, 0, 0, 0, 0, 0, 0, 0, 1, 0, 0, 0, 0, 0, 1
"/Users/joseph/Desktop/mularpay/apps/mularpay-admin/public/window.svg", "XML", 0, 0, 0, 0, 0, 0, 0, 0, 1, 0, 0, 0, 0, 0, 1
"/Users/joseph/Desktop/mularpay/apps/mularpay-admin/tsconfig.json", "JSON with Comments", 0, 0, 0, 0, 0, 0, 0, 34, 0, 0, 0, 0, 0, 1, 35
"/Users/joseph/Desktop/mularpay/apps/mularpay-admin/types/index.ts", "TypeScript", 536, 0, 0, 0, 0, 0, 0, 0, 0, 0, 0, 0, 16, 47, 599
"/Users/joseph/Desktop/mularpay/apps/mularpay-admin/types/support.ts", "TypeScript", 218, 0, 0, 0, 0, 0, 0, 0, 0, 0, 0, 0, 4, 22, 244
"/Users/joseph/Desktop/mularpay/apps/mularpay-api/.claude/settings.local.json", "JSON", 0, 0, 0, 0, 0, 11, 0, 0, 0, 0, 0, 0, 0, 1, 12
"/Users/joseph/Desktop/mularpay/apps/mularpay-api/.prettierrc", "JSON", 0, 0, 0, 0, 0, 4, 0, 0, 0, 0, 0, 0, 0, 1, 5
"/Users/joseph/Desktop/mularpay/apps/mularpay-api/DEVICE_VERIFICATION_FIX.md", "Markdown", 0, 0, 142, 0, 0, 0, 0, 0, 0, 0, 0, 0, 0, 51, 193
"/Users/joseph/Desktop/mularpay/apps/mularpay-api/EMAIL_RECEIVING_PLAN.md", "Markdown", 0, 0, 256, 0, 0, 0, 0, 0, 0, 0, 0, 0, 0, 95, 351
"/Users/joseph/Desktop/mularpay/apps/mularpay-api/README.md", "Markdown", 0, 0, 307, 0, 0, 0, 0, 0, 0, 0, 0, 0, 0, 71, 378
"/Users/joseph/Desktop/mularpay/apps/mularpay-api/data/README.md", "Markdown", 0, 0, 24, 0, 0, 0, 0, 0, 0, 0, 0, 0, 0, 14, 38
"/Users/joseph/Desktop/mularpay/apps/mularpay-api/docs/NOTIFICATION_QUEUE_ARCHITECTURE.md", "Markdown", 0, 0, 312, 0, 0, 0, 0, 0, 0, 0, 0, 0, 0, 63, 375
"/Users/joseph/Desktop/mularpay/apps/mularpay-api/eslint.config.mjs", "JavaScript", 0, 0, 0, 0, 0, 0, 33, 0, 0, 0, 0, 0, 1, 2, 36
"/Users/joseph/Desktop/mularpay/apps/mularpay-api/manual_migration_device_security.sql", "MS SQL", 0, 0, 0, 0, 99, 0, 0, 0, 0, 0, 0, 0, 31, 26, 156
"/Users/joseph/Desktop/mularpay/apps/mularpay-api/manual_migration_p2p_transfers.sql", "MS SQL", 0, 0, 0, 0, 71, 0, 0, 0, 0, 0, 0, 0, 15, 15, 101
"/Users/joseph/Desktop/mularpay/apps/mularpay-api/nest-cli.json", "JSON", 0, 0, 0, 0, 0, 8, 0, 0, 0, 0, 0, 0, 0, 1, 9
"/Users/joseph/Desktop/mularpay/apps/mularpay-api/package.json", "JSON", 0, 0, 0, 0, 0, 109, 0, 0, 0, 0, 0, 0, 0, 1, 110
"/Users/joseph/Desktop/mularpay/apps/mularpay-api/pnpm-lock.yaml", "YAML", 0, 4984, 0, 0, 0, 0, 0, 0, 0, 0, 0, 0, 0, 1381, 6365
"/Users/joseph/Desktop/mularpay/apps/mularpay-api/prisma/add_composite_indexes.sql", "MS SQL", 0, 0, 0, 0, 22, 0, 0, 0, 0, 0, 0, 0, 10, 8, 40
"/Users/joseph/Desktop/mularpay/apps/mularpay-api/prisma/add_notification_queue.sql", "MS SQL", 0, 0, 0, 0, 41, 0, 0, 0, 0, 0, 0, 0, 7, 7, 55
"/Users/joseph/Desktop/mularpay/apps/mularpay-api/prisma/add_notification_queue_index.sql", "MS SQL", 0, 0, 0, 0, 4, 0, 0, 0, 0, 0, 0, 0, 12, 3, 19
"/Users/joseph/Desktop/mularpay/apps/mularpay-api/prisma/add_profile_edit_tracking_migration.sql", "MS SQL", 0, 0, 0, 0, 8, 0, 0, 0, 0, 0, 0, 0, 6, 4, 18
"/Users/joseph/Desktop/mularpay/apps/mularpay-api/prisma/apply-migration.js", "JavaScript", 0, 0, 0, 0, 0, 0, 46, 0, 0, 0, 0, 0, 6, 14, 66
"/Users/joseph/Desktop/mularpay/apps/mularpay-api/prisma/cashback_migration.sql", "MS SQL", 0, 0, 0, 0, 185, 0, 0, 0, 0, 0, 0, 0, 28, 25, 238
"/Users/joseph/Desktop/mularpay/apps/mularpay-api/prisma/crypto_wallet_migration.sql", "MS SQL", 0, 0, 0, 0, 230, 0, 0, 0, 0, 0, 0, 0, 67, 54, 351
"/Users/joseph/Desktop/mularpay/apps/mularpay-api/prisma/manual_add_expo_push_token.sql", "MS SQL", 0, 0, 0, 0, 6, 0, 0, 0, 0, 0, 0, 0, 6, 4, 16
"/Users/joseph/Desktop/mularpay/apps/mularpay-api/prisma/manual_add_super_admin.sql", "MS SQL", 0, 0, 0, 0, 1, 0, 0, 0, 0, 0, 0, 0, 6, 3, 10
"/Users/joseph/Desktop/mularpay/apps/mularpay-api/prisma/migrations/20250114_add_performance_indexes/migration.sql", "MS SQL", 0, 0, 0, 0, 10, 0, 0, 0, 0, 0, 0, 0, 12, 11, 33
"/Users/joseph/Desktop/mularpay/apps/mularpay-api/prisma/migrations/20251112060354_initial_schema/migration.sql", "MS SQL", 0, 0, 0, 0, 271, 0, 0, 0, 0, 0, 0, 0, 73, 85, 429
"/Users/joseph/Desktop/mularpay/apps/mularpay-api/prisma/migrations/20251113035522_add_paystack_dva_compliance_fields/migration.sql", "MS SQL", 0, 0, 0, 0, 3, 0, 0, 0, 0, 0, 0, 0, 3, 3, 9
"/Users/joseph/Desktop/mularpay/apps/mularpay-api/prisma/migrations/README_SOFT_DELETE_MIGRATION.md", "Markdown", 0, 0, 80, 0, 0, 0, 0, 0, 0, 0, 0, 0, 0, 29, 109
"/Users/joseph/Desktop/mularpay/apps/mularpay-api/prisma/migrations/add_account_deletion_migration.sql", "MS SQL", 0, 0, 0, 0, 51, 0, 0, 0, 0, 0, 0, 0, 30, 15, 96
"/Users/joseph/Desktop/mularpay/apps/mularpay-api/prisma/migrations/add_app_rating_config.sql", "MS SQL", 0, 0, 0, 0, 35, 0, 0, 0, 0, 0, 0, 0, 4, 4, 43
"/Users/joseph/Desktop/mularpay/apps/mularpay-api/prisma/migrations/add_deposit_tracking.sql", "MS SQL", 0, 0, 0, 0, 12, 0, 0, 0, 0, 0, 0, 0, 8, 6, 26
"/Users/joseph/Desktop/mularpay/apps/mularpay-api/prisma/migrations/add_dva_status_tracking.sql", "MS SQL", 0, 0, 0, 0, 12, 0, 0, 0, 0, 0, 0, 0, 8, 5, 25
"/Users/joseph/Desktop/mularpay/apps/mularpay-api/prisma/migrations/add_expiresAt_column.sql", "MS SQL", 0, 0, 0, 0, 6, 0, 0, 0, 0, 0, 0, 0, 3, 3, 12
"/Users/joseph/Desktop/mularpay/apps/mularpay-api/prisma/migrations/add_inbound_email_system.sql", "MS SQL", 0, 0, 0, 0, 146, 0, 0, 0, 0, 0, 0, 0, 31, 28, 205
"/Users/joseph/Desktop/mularpay/apps/mularpay-api/prisma/migrations/add_last_login_email_sent_at.sql", "MS SQL", 0, 0, 0, 0, 3, 0, 0, 0, 0, 0, 0, 0, 5, 4, 12
"/Users/joseph/Desktop/mularpay/apps/mularpay-api/prisma/migrations/add_missing_notification_columns.sql", "MS SQL", 0, 0, 0, 0, 6, 0, 0, 0, 0, 0, 0, 0, 2, 2, 10
"/Users/joseph/Desktop/mularpay/apps/mularpay-api/prisma/migrations/add_missing_preference_columns.sql", "MS SQL", 0, 0, 0, 0, 14, 0, 0, 0, 0, 0, 0, 0, 4, 4, 22
"/Users/joseph/Desktop/mularpay/apps/mularpay-api/prisma/migrations/add_notification_category_enum.sql", "MS SQL", 0, 0, 0, 0, 13, 0, 0, 0, 0, 0, 0, 0, 2, 2, 17
"/Users/joseph/Desktop/mularpay/apps/mularpay-api/prisma/migrations/add_notification_channel_enum.sql", "MS SQL", 0, 0, 0, 0, 11, 0, 0, 0, 0, 0, 0, 0, 2, 2, 15
"/Users/joseph/Desktop/mularpay/apps/mularpay-api/prisma/migrations/add_notification_columns.sql", "MS SQL", 0, 0, 0, 0, 25, 0, 0, 0, 0, 0, 0, 0, 3, 5, 33
"/Users/joseph/Desktop/mularpay/apps/mularpay-api/prisma/migrations/add_notification_status_enum.sql", "MS SQL", 0, 0, 0, 0, 12, 0, 0, 0, 0, 0, 0, 0, 2, 2, 16
"/Users/joseph/Desktop/mularpay/apps/mularpay-api/prisma/migrations/add_notification_type_enum.sql", "MS SQL", 0, 0, 0, 0, 12, 0, 0, 0, 0, 0, 0, 0, 2, 2, 16
"/Users/joseph/Desktop/mularpay/apps/mularpay-api/prisma/migrations/add_onesignal_fields.sql", "MS SQL", 0, 0, 0, 0, 11, 0, 0, 0, 0, 0, 0, 0, 5, 4, 20
"/Users/joseph/Desktop/mularpay/apps/mularpay-api/prisma/migrations/add_rate_limit_locking.sql", "MS SQL", 0, 0, 0, 0, 6, 0, 0, 0, 0, 0, 0, 0, 2, 2, 10
"/Users/joseph/Desktop/mularpay/apps/mularpay-api/prisma/migrations/add_rate_limit_tracking.sql", "MS SQL", 0, 0, 0, 0, 33, 0, 0, 0, 0, 0, 0, 0, 2, 5, 40
"/Users/joseph/Desktop/mularpay/apps/mularpay-api/prisma/migrations/add_saved_recipients.sql", "MS SQL", 0, 0, 0, 0, 39, 0, 0, 0, 0, 0, 0, 0, 8, 7, 54
"/Users/joseph/Desktop/mularpay/apps/mularpay-api/prisma/migrations/add_soft_delete_support.sql", "MS SQL", 0, 0, 0, 0, 15, 0, 0, 0, 0, 0, 0, 0, 33, 7, 55
"/Users/joseph/Desktop/mularpay/apps/mularpay-api/prisma/migrations/add_super_admin_role.sql", "MS SQL", 0, 0, 0, 0, 1, 0, 0, 0, 0, 0, 0, 0, 2, 2, 5
"/Users/joseph/Desktop/mularpay/apps/mularpay-api/prisma/migrations/add_withdrawal_config.sql", "MS SQL", 0, 0, 0, 0, 55, 0, 0, 0, 0, 0, 0, 0, 10, 7, 72
"/Users/joseph/Desktop/mularpay/apps/mularpay-api/prisma/migrations/apply-onesignal-migration.js", "JavaScript", 0, 0, 0, 0, 0, 0, 44, 0, 0, 0, 0, 0, 5, 12, 61
"/Users/joseph/Desktop/mularpay/apps/mularpay-api/prisma/migrations/fix-migration.js", "JavaScript", 0, 0, 0, 0, 0, 0, 40, 0, 0, 0, 0, 0, 5, 12, 57
"/Users/joseph/Desktop/mularpay/apps/mularpay-api/prisma/migrations/fix_service_type_enum.sql", "MS SQL", 0, 0, 0, 0, 11, 0, 0, 0, 0, 0, 0, 0, 5, 4, 20
"/Users/joseph/Desktop/mularpay/apps/mularpay-api/prisma/migrations/manual_add_support_system.sql", "MS SQL", 0, 0, 0, 0, 180, 0, 0, 0, 0, 0, 0, 0, 45, 38, 263
"/Users/joseph/Desktop/mularpay/apps/mularpay-api/prisma/migrations/manual_notification_schema.sql", "MS SQL", 0, 0, 0, 0, 113, 0, 0, 0, 0, 0, 0, 0, 60, 42, 215
"/Users/joseph/Desktop/mularpay/apps/mularpay-api/prisma/migrations/rename_notification_tables.sql", "MS SQL", 0, 0, 0, 0, 8, 0, 0, 0, 0, 0, 0, 0, 6, 6, 20
"/Users/joseph/Desktop/mularpay/apps/mularpay-api/prisma/migrations/update_promotional_defaults.sql", "MS SQL", 0, 0, 0, 0, 6, 0, 0, 0, 0, 0, 0, 0, 6, 4, 16
"/Users/joseph/Desktop/mularpay/apps/mularpay-api/prisma/migrations/update_sms_defaults.sql", "MS SQL", 0, 0, 0, 0, 20, 0, 0, 0, 0, 0, 0, 0, 4, 3, 27
"/Users/joseph/Desktop/mularpay/apps/mularpay-api/prisma/seed.ts", "TypeScript", 293, 0, 0, 0, 0, 0, 0, 0, 0, 0, 0, 0, 8, 21, 322
"/Users/joseph/Desktop/mularpay/apps/mularpay-api/prisma/update_testnet_token_addresses.sql", "MS SQL", 0, 0, 0, 0, 22, 0, 0, 0, 0, 0, 0, 0, 5, 5, 32
"/Users/joseph/Desktop/mularpay/apps/mularpay-api/railway.json", "JSON", 0, 0, 0, 0, 0, 12, 0, 0, 0, 0, 0, 0, 0, 1, 13
"/Users/joseph/Desktop/mularpay/apps/mularpay-api/run-migration.sh", "Shell Script", 0, 0, 0, 22, 0, 0, 0, 0, 0, 0, 0, 0, 4, 8, 34
"/Users/joseph/Desktop/mularpay/apps/mularpay-api/run-rating-migration.sh", "Shell Script", 0, 0, 0, 26, 0, 0, 0, 0, 0, 0, 0, 0, 4, 8, 38
"/Users/joseph/Desktop/mularpay/apps/mularpay-api/scripts/encrypt-existing-bvns.ts", "TypeScript", 100, 0, 0, 0, 0, 0, 0, 0, 0, 0, 0, 0, 22, 19, 141
"/Users/joseph/Desktop/mularpay/apps/mularpay-api/src/admin/admin.module.ts", "TypeScript", 99, 0, 0, 0, 0, 0, 0, 0, 0, 0, 0, 0, 0, 2, 101
"/Users/joseph/Desktop/mularpay/apps/mularpay-api/src/admin/admins/admin-admins.controller.ts", "TypeScript", 81, 0, 0, 0, 0, 0, 0, 0, 0, 0, 0, 0, 28, 9, 118
"/Users/joseph/Desktop/mularpay/apps/mularpay-api/src/admin/admins/admin-admins.service.ts", "TypeScript", 358, 0, 0, 0, 0, 0, 0, 0, 0, 0, 0, 0, 43, 53, 454
"/Users/joseph/Desktop/mularpay/apps/mularpay-api/src/admin/advanced-analytics/admin-advanced-analytics.controller.ts", "TypeScript", 75, 0, 0, 0, 0, 0, 0, 0, 0, 0, 0, 0, 24, 8, 107
"/Users/joseph/Desktop/mularpay/apps/mularpay-api/src/admin/advanced-analytics/admin-advanced-analytics.service.ts", "TypeScript", 390, 0, 0, 0, 0, 0, 0, 0, 0, 0, 0, 0, 26, 51, 467
"/Users/joseph/Desktop/mularpay/apps/mularpay-api/src/admin/analytics/admin-analytics.controller.ts", "TypeScript", 53, 0, 0, 0, 0, 0, 0, 0, 0, 0, 0, 0, 16, 6, 75
"/Users/joseph/Desktop/mularpay/apps/mularpay-api/src/admin/analytics/admin-analytics.service.ts", "TypeScript", 193, 0, 0, 0, 0, 0, 0, 0, 0, 0, 0, 0, 28, 31, 252
"/Users/joseph/Desktop/mularpay/apps/mularpay-api/src/admin/audit-logs/admin-audit-logs.controller.ts", "TypeScript", 75, 0, 0, 0, 0, 0, 0, 0, 0, 0, 0, 0, 20, 7, 102
"/Users/joseph/Desktop/mularpay/apps/mularpay-api/src/admin/audit-logs/admin-audit-logs.service.ts", "TypeScript", 213, 0, 0, 0, 0, 0, 0, 0, 0, 0, 0, 0, 16, 24, 253
"/Users/joseph/Desktop/mularpay/apps/mularpay-api/src/admin/crypto/admin-crypto.controller.ts", "TypeScript", 94, 0, 0, 0, 0, 0, 0, 0, 0, 0, 0, 0, 28, 9, 131
"/Users/joseph/Desktop/mularpay/apps/mularpay-api/src/admin/crypto/admin-crypto.service.ts", "TypeScript", 327, 0, 0, 0, 0, 0, 0, 0, 0, 0, 0, 0, 31, 47, 405
"/Users/joseph/Desktop/mularpay/apps/mularpay-api/src/admin/deletions/admin-deletions.controller.ts", "TypeScript", 73, 0, 0, 0, 0, 0, 0, 0, 0, 0, 0, 0, 20, 7, 100
"/Users/joseph/Desktop/mularpay/apps/mularpay-api/src/admin/deletions/admin-deletions.service.ts", "TypeScript", 256, 0, 0, 0, 0, 0, 0, 0, 0, 0, 0, 0, 22, 27, 305
"/Users/joseph/Desktop/mularpay/apps/mularpay-api/src/admin/deletions/deletion-scheduler.service.ts", "TypeScript", 95, 0, 0, 0, 0, 0, 0, 0, 0, 0, 0, 0, 28, 19, 142
"/Users/joseph/Desktop/mularpay/apps/mularpay-api/src/admin/dto/adjust-wallet.dto.ts", "TypeScript", 12, 0, 0, 0, 0, 0, 0, 0, 0, 0, 0, 0, 0, 4, 16
"/Users/joseph/Desktop/mularpay/apps/mularpay-api/src/admin/dto/admin.dto.ts", "TypeScript", 45, 0, 0, 0, 0, 0, 0, 0, 0, 0, 0, 0, 0, 13, 58
"/Users/joseph/Desktop/mularpay/apps/mularpay-api/src/admin/dto/approve-bvn.dto.ts", "TypeScript", 6, 0, 0, 0, 0, 0, 0, 0, 0, 0, 0, 0, 0, 2, 8
"/Users/joseph/Desktop/mularpay/apps/mularpay-api/src/admin/dto/index.ts", "TypeScript", 15, 0, 0, 0, 0, 0, 0, 0, 0, 0, 0, 0, 0, 1, 16
"/Users/joseph/Desktop/mularpay/apps/mularpay-api/src/admin/dto/lock-account.dto.ts", "TypeScript", 10, 0, 0, 0, 0, 0, 0, 0, 0, 0, 0, 0, 0, 3, 13
"/Users/joseph/Desktop/mularpay/apps/mularpay-api/src/admin/dto/notification.dto.ts", "TypeScript", 39, 0, 0, 0, 0, 0, 0, 0, 0, 0, 0, 0, 0, 10, 49
"/Users/joseph/Desktop/mularpay/apps/mularpay-api/src/admin/dto/query-transactions.dto.ts", "TypeScript", 58, 0, 0, 0, 0, 0, 0, 0, 0, 0, 0, 0, 0, 14, 72
"/Users/joseph/Desktop/mularpay/apps/mularpay-api/src/admin/dto/query-users.dto.ts", "TypeScript", 40, 0, 0, 0, 0, 0, 0, 0, 0, 0, 0, 0, 0, 9, 49
"/Users/joseph/Desktop/mularpay/apps/mularpay-api/src/admin/dto/refund-vtu.dto.ts", "TypeScript", 6, 0, 0, 0, 0, 0, 0, 0, 0, 0, 0, 0, 0, 2, 8
"/Users/joseph/Desktop/mularpay/apps/mularpay-api/src/admin/dto/reject-bvn.dto.ts", "TypeScript", 6, 0, 0, 0, 0, 0, 0, 0, 0, 0, 0, 0, 0, 2, 8
"/Users/joseph/Desktop/mularpay/apps/mularpay-api/src/admin/dto/reverse-transaction.dto.ts", "TypeScript", 6, 0, 0, 0, 0, 0, 0, 0, 0, 0, 0, 0, 0, 2, 8
"/Users/joseph/Desktop/mularpay/apps/mularpay-api/src/admin/dto/review-crypto.dto.ts", "TypeScript", 28, 0, 0, 0, 0, 0, 0, 0, 0, 0, 0, 0, 0, 6, 34
"/Users/joseph/Desktop/mularpay/apps/mularpay-api/src/admin/dto/review-giftcard.dto.ts", "TypeScript", 28, 0, 0, 0, 0, 0, 0, 0, 0, 0, 0, 0, 0, 6, 34
"/Users/joseph/Desktop/mularpay/apps/mularpay-api/src/admin/dto/unlock-account.dto.ts", "TypeScript", 6, 0, 0, 0, 0, 0, 0, 0, 0, 0, 0, 0, 0, 2, 8
"/Users/joseph/Desktop/mularpay/apps/mularpay-api/src/admin/dto/update-kyc-tier.dto.ts", "TypeScript", 10, 0, 0, 0, 0, 0, 0, 0, 0, 0, 0, 0, 0, 3, 13
"/Users/joseph/Desktop/mularpay/apps/mularpay-api/src/admin/dto/update-user-role.dto.ts", "TypeScript", 7, 0, 0, 0, 0, 0, 0, 0, 0, 0, 0, 0, 0, 2, 9
"/Users/joseph/Desktop/mularpay/apps/mularpay-api/src/admin/dto/update-user-status.dto.ts", "TypeScript", 10, 0, 0, 0, 0, 0, 0, 0, 0, 0, 0, 0, 0, 3, 13
"/Users/joseph/Desktop/mularpay/apps/mularpay-api/src/admin/emails/admin-emails.controller.ts", "TypeScript", 90, 0, 0, 0, 0, 0, 0, 0, 0, 0, 0, 0, 30, 9, 129
"/Users/joseph/Desktop/mularpay/apps/mularpay-api/src/admin/emails/admin-emails.service.ts", "TypeScript", 443, 0, 0, 0, 0, 0, 0, 0, 0, 0, 0, 0, 71, 50, 564
"/Users/joseph/Desktop/mularpay/apps/mularpay-api/src/admin/emails/dto/reply-email.dto.ts", "TypeScript", 9, 0, 0, 0, 0, 0, 0, 0, 0, 0, 0, 0, 0, 3, 12
"/Users/joseph/Desktop/mularpay/apps/mularpay-api/src/admin/giftcards/admin-giftcards.controller.ts", "TypeScript", 94, 0, 0, 0, 0, 0, 0, 0, 0, 0, 0, 0, 28, 9, 131
"/Users/joseph/Desktop/mularpay/apps/mularpay-api/src/admin/giftcards/admin-giftcards.service.ts", "TypeScript", 330, 0, 0, 0, 0, 0, 0, 0, 0, 0, 0, 0, 31, 47, 408
"/Users/joseph/Desktop/mularpay/apps/mularpay-api/src/admin/kyc/admin-kyc.controller.ts", "TypeScript", 69, 0, 0, 0, 0, 0, 0, 0, 0, 0, 0, 0, 32, 10, 111
"/Users/joseph/Desktop/mularpay/apps/mularpay-api/src/admin/kyc/admin-kyc.service.ts", "TypeScript", 434, 0, 0, 0, 0, 0, 0, 0, 0, 0, 0, 0, 50, 49, 533
"/Users/joseph/Desktop/mularpay/apps/mularpay-api/src/admin/notifications/admin-notifications.controller.ts", "TypeScript", 136, 0, 0, 0, 0, 0, 0, 0, 0, 0, 0, 0, 44, 13, 193
"/Users/joseph/Desktop/mularpay/apps/mularpay-api/src/admin/notifications/admin-notifications.service.ts", "TypeScript", 440, 0, 0, 0, 0, 0, 0, 0, 0, 0, 0, 0, 46, 65, 551
"/Users/joseph/Desktop/mularpay/apps/mularpay-api/src/admin/rate-limits/rate-limits.controller.ts", "TypeScript", 56, 0, 0, 0, 0, 0, 0, 0, 0, 0, 0, 0, 0, 8, 64
"/Users/joseph/Desktop/mularpay/apps/mularpay-api/src/admin/rate-limits/rate-limits.module.ts", "TypeScript", 10, 0, 0, 0, 0, 0, 0, 0, 0, 0, 0, 0, 0, 2, 12
"/Users/joseph/Desktop/mularpay/apps/mularpay-api/src/admin/rate-limits/rate-limits.service.ts", "TypeScript", 276, 0, 0, 0, 0, 0, 0, 0, 0, 0, 0, 0, 8, 31, 315
"/Users/joseph/Desktop/mularpay/apps/mularpay-api/src/admin/transactions/admin-transactions.controller.ts", "TypeScript", 108, 0, 0, 0, 0, 0, 0, 0, 0, 0, 0, 0, 48, 14, 170
"/Users/joseph/Desktop/mularpay/apps/mularpay-api/src/admin/transactions/admin-transactions.service.ts", "TypeScript", 409, 0, 0, 0, 0, 0, 0, 0, 0, 0, 0, 0, 53, 53, 515
"/Users/joseph/Desktop/mularpay/apps/mularpay-api/src/admin/users/admin-users.controller.ts", "TypeScript", 102, 0, 0, 0, 0, 0, 0, 0, 0, 0, 0, 0, 41, 12, 155
"/Users/joseph/Desktop/mularpay/apps/mularpay-api/src/admin/users/admin-users.service.ts", "TypeScript", 559, 0, 0, 0, 0, 0, 0, 0, 0, 0, 0, 0, 69, 69, 697
"/Users/joseph/Desktop/mularpay/apps/mularpay-api/src/admin/venly-wallets/admin-venly-wallets.controller.ts", "TypeScript", 132, 0, 0, 0, 0, 0, 0, 0, 0, 0, 0, 0, 40, 12, 184
"/Users/joseph/Desktop/mularpay/apps/mularpay-api/src/admin/venly-wallets/admin-venly-wallets.module.ts", "TypeScript", 11, 0, 0, 0, 0, 0, 0, 0, 0, 0, 0, 0, 0, 2, 13
"/Users/joseph/Desktop/mularpay/apps/mularpay-api/src/admin/venly-wallets/admin-venly-wallets.service.ts", "TypeScript", 429, 0, 0, 0, 0, 0, 0, 0, 0, 0, 0, 0, 40, 54, 523
"/Users/joseph/Desktop/mularpay/apps/mularpay-api/src/admin/virtual-accounts/admin-virtual-accounts.controller.ts", "TypeScript", 108, 0, 0, 0, 0, 0, 0, 0, 0, 0, 0, 0, 37, 12, 157
"/Users/joseph/Desktop/mularpay/apps/mularpay-api/src/admin/virtual-accounts/admin-virtual-accounts.service.ts", "TypeScript", 436, 0, 0, 0, 0, 0, 0, 0, 0, 0, 0, 0, 42, 53, 531
"/Users/joseph/Desktop/mularpay/apps/mularpay-api/src/admin/vtu/admin-vtu.controller.ts", "TypeScript", 86, 0, 0, 0, 0, 0, 0, 0, 0, 0, 0, 0, 32, 10, 128
"/Users/joseph/Desktop/mularpay/apps/mularpay-api/src/admin/vtu/admin-vtu.service.ts", "TypeScript", 309, 0, 0, 0, 0, 0, 0, 0, 0, 0, 0, 0, 35, 48, 392
"/Users/joseph/Desktop/mularpay/apps/mularpay-api/src/admin/wallets/admin-wallets.controller.ts", "TypeScript", 87, 0, 0, 0, 0, 0, 0, 0, 0, 0, 0, 0, 28, 9, 124
"/Users/joseph/Desktop/mularpay/apps/mularpay-api/src/admin/wallets/admin-wallets.service.ts", "TypeScript", 377, 0, 0, 0, 0, 0, 0, 0, 0, 0, 0, 0, 34, 46, 457
"/Users/joseph/Desktop/mularpay/apps/mularpay-api/src/app-config/app-config.controller.ts", "TypeScript", 21, 0, 0, 0, 0, 0, 0, 0, 0, 0, 0, 0, 8, 4, 33
"/Users/joseph/Desktop/mularpay/apps/mularpay-api/src/app-config/app-config.module.ts", "TypeScript", 11, 0, 0, 0, 0, 0, 0, 0, 0, 0, 0, 0, 0, 2, 13
"/Users/joseph/Desktop/mularpay/apps/mularpay-api/src/app-config/app-config.service.ts", "TypeScript", 45, 0, 0, 0, 0, 0, 0, 0, 0, 0, 0, 0, 13, 11, 69
"/Users/joseph/Desktop/mularpay/apps/mularpay-api/src/app-config/dto/update-rating-config.dto.ts", "TypeScript", 37, 0, 0, 0, 0, 0, 0, 0, 0, 0, 0, 0, 0, 9, 46
"/Users/joseph/Desktop/mularpay/apps/mularpay-api/src/app.controller.spec.ts", "TypeScript", 18, 0, 0, 0, 0, 0, 0, 0, 0, 0, 0, 0, 0, 5, 23
"/Users/joseph/Desktop/mularpay/apps/mularpay-api/src/app.controller.ts", "TypeScript", 14, 0, 0, 0, 0, 0, 0, 0, 0, 0, 0, 0, 0, 4, 18
"/Users/joseph/Desktop/mularpay/apps/mularpay-api/src/app.module.ts", "TypeScript", 94, 0, 0, 0, 0, 0, 0, 0, 0, 0, 0, 0, 4, 2, 100
"/Users/joseph/Desktop/mularpay/apps/mularpay-api/src/app.service.ts", "TypeScript", 32, 0, 0, 0, 0, 0, 0, 0, 0, 0, 0, 0, 5, 7, 44
"/Users/joseph/Desktop/mularpay/apps/mularpay-api/src/auth/auth.controller.ts", "TypeScript", 103, 0, 0, 0, 0, 0, 0, 0, 0, 0, 0, 0, 67, 13, 183
"/Users/joseph/Desktop/mularpay/apps/mularpay-api/src/auth/auth.module.ts", "TypeScript", 29, 0, 0, 0, 0, 0, 0, 0, 0, 0, 0, 0, 5, 2, 36
"/Users/joseph/Desktop/mularpay/apps/mularpay-api/src/auth/auth.service.ts", "TypeScript", 785, 0, 0, 0, 0, 0, 0, 0, 0, 0, 0, 0, 212, 138, 1135
"/Users/joseph/Desktop/mularpay/apps/mularpay-api/src/auth/decorators/get-user.decorator.ts", "TypeScript", 10, 0, 0, 0, 0, 0, 0, 0, 0, 0, 0, 0, 9, 3, 22
"/Users/joseph/Desktop/mularpay/apps/mularpay-api/src/auth/decorators/index.ts", "TypeScript", 2, 0, 0, 0, 0, 0, 0, 0, 0, 0, 0, 0, 0, 1, 3
"/Users/joseph/Desktop/mularpay/apps/mularpay-api/src/auth/decorators/public.decorator.ts", "TypeScript", 2, 0, 0, 0, 0, 0, 0, 0, 0, 0, 0, 0, 6, 2, 10
"/Users/joseph/Desktop/mularpay/apps/mularpay-api/src/auth/dto/forgot-password.dto.ts", "TypeScript", 5, 0, 0, 0, 0, 0, 0, 0, 0, 0, 0, 0, 0, 2, 7
"/Users/joseph/Desktop/mularpay/apps/mularpay-api/src/auth/dto/index.ts", "TypeScript", 6, 0, 0, 0, 0, 0, 0, 0, 0, 0, 0, 0, 0, 1, 7
"/Users/joseph/Desktop/mularpay/apps/mularpay-api/src/auth/dto/login.dto.ts", "TypeScript", 40, 0, 0, 0, 0, 0, 0, 0, 0, 0, 0, 0, 7, 10, 57
"/Users/joseph/Desktop/mularpay/apps/mularpay-api/src/auth/dto/refresh-token.dto.ts", "TypeScript", 6, 0, 0, 0, 0, 0, 0, 0, 0, 0, 0, 0, 4, 2, 12
"/Users/joseph/Desktop/mularpay/apps/mularpay-api/src/auth/dto/register.dto.ts", "TypeScript", 38, 0, 0, 0, 0, 0, 0, 0, 0, 0, 0, 0, 4, 6, 48
"/Users/joseph/Desktop/mularpay/apps/mularpay-api/src/auth/dto/reset-password.dto.ts", "TypeScript", 12, 0, 0, 0, 0, 0, 0, 0, 0, 0, 0, 0, 0, 3, 15
"/Users/joseph/Desktop/mularpay/apps/mularpay-api/src/auth/dto/verify-reset-code.dto.ts", "TypeScript", 9, 0, 0, 0, 0, 0, 0, 0, 0, 0, 0, 0, 0, 3, 12
"/Users/joseph/Desktop/mularpay/apps/mularpay-api/src/auth/guards/jwt-auth.guard.ts", "TypeScript", 22, 0, 0, 0, 0, 0, 0, 0, 0, 0, 0, 0, 9, 5, 36
"/Users/joseph/Desktop/mularpay/apps/mularpay-api/src/auth/strategies/jwt.strategy.ts", "TypeScript", 27, 0, 0, 0, 0, 0, 0, 0, 0, 0, 0, 0, 13, 6, 46
"/Users/joseph/Desktop/mularpay/apps/mularpay-api/src/cache/cache.module.ts", "TypeScript", 99, 0, 0, 0, 0, 0, 0, 0, 0, 0, 0, 0, 16, 12, 127
"/Users/joseph/Desktop/mularpay/apps/mularpay-api/src/cache/index.ts", "TypeScript", 2, 0, 0, 0, 0, 0, 0, 0, 0, 0, 0, 0, 0, 1, 3
"/Users/joseph/Desktop/mularpay/apps/mularpay-api/src/cache/redis-client.ts", "TypeScript", 5, 0, 0, 0, 0, 0, 0, 0, 0, 0, 0, 0, 5, 3, 13
"/Users/joseph/Desktop/mularpay/apps/mularpay-api/src/cache/redis.service.ts", "TypeScript", 118, 0, 0, 0, 0, 0, 0, 0, 0, 0, 0, 0, 38, 15, 171
"/Users/joseph/Desktop/mularpay/apps/mularpay-api/src/cashback/cashback.controller.ts", "TypeScript", 88, 0, 0, 0, 0, 0, 0, 0, 0, 0, 0, 0, 29, 13, 130
"/Users/joseph/Desktop/mularpay/apps/mularpay-api/src/cashback/cashback.module.ts", "TypeScript", 11, 0, 0, 0, 0, 0, 0, 0, 0, 0, 0, 0, 0, 2, 13
"/Users/joseph/Desktop/mularpay/apps/mularpay-api/src/cashback/cashback.service.ts", "TypeScript", 410, 0, 0, 0, 0, 0, 0, 0, 0, 0, 0, 0, 74, 76, 560
"/Users/joseph/Desktop/mularpay/apps/mularpay-api/src/cashback/cashback.types.ts", "TypeScript", 29, 0, 0, 0, 0, 0, 0, 0, 0, 0, 0, 0, 0, 5, 34
"/Users/joseph/Desktop/mularpay/apps/mularpay-api/src/cashback/dto/calculate-cashback.dto.ts", "TypeScript", 12, 0, 0, 0, 0, 0, 0, 0, 0, 0, 0, 0, 0, 4, 16
"/Users/joseph/Desktop/mularpay/apps/mularpay-api/src/cashback/dto/create-cashback-config.dto.ts", "TypeScript", 35, 0, 0, 0, 0, 0, 0, 0, 0, 0, 0, 0, 0, 8, 43
"/Users/joseph/Desktop/mularpay/apps/mularpay-api/src/cashback/dto/update-cashback-config.dto.ts", "TypeScript", 37, 0, 0, 0, 0, 0, 0, 0, 0, 0, 0, 0, 0, 8, 45
"/Users/joseph/Desktop/mularpay/apps/mularpay-api/src/cloudinary/cloudinary.module.ts", "TypeScript", 9, 0, 0, 0, 0, 0, 0, 0, 0, 0, 0, 0, 0, 2, 11
"/Users/joseph/Desktop/mularpay/apps/mularpay-api/src/cloudinary/cloudinary.service.ts", "TypeScript", 66, 0, 0, 0, 0, 0, 0, 0, 0, 0, 0, 0, 2, 7, 75
"/Users/joseph/Desktop/mularpay/apps/mularpay-api/src/common/decorators/roles.decorator.ts", "TypeScript", 4, 0, 0, 0, 0, 0, 0, 0, 0, 0, 0, 0, 0, 2, 6
"/Users/joseph/Desktop/mularpay/apps/mularpay-api/src/common/decorators/skip-account-lock.decorator.ts", "TypeScript", 3, 0, 0, 0, 0, 0, 0, 0, 0, 0, 0, 0, 5, 2, 10
"/Users/joseph/Desktop/mularpay/apps/mularpay-api/src/common/guards/account-lock.guard.ts", "TypeScript", 36, 0, 0, 0, 0, 0, 0, 0, 0, 0, 0, 0, 7, 9, 52
"/Users/joseph/Desktop/mularpay/apps/mularpay-api/src/common/guards/custom-throttler.guard.ts", "TypeScript", 25, 0, 0, 0, 0, 0, 0, 0, 0, 0, 0, 0, 13, 7, 45
"/Users/joseph/Desktop/mularpay/apps/mularpay-api/src/common/guards/roles.guard.ts", "TypeScript", 23, 0, 0, 0, 0, 0, 0, 0, 0, 0, 0, 0, 1, 7, 31
"/Users/joseph/Desktop/mularpay/apps/mularpay-api/src/common/interceptors/rate-limit-logger.interceptor.ts", "TypeScript", 130, 0, 0, 0, 0, 0, 0, 0, 0, 0, 0, 0, 26, 16, 172
"/Users/joseph/Desktop/mularpay/apps/mularpay-api/src/common/services/account-locking.service.ts", "TypeScript", 206, 0, 0, 0, 0, 0, 0, 0, 0, 0, 0, 0, 25, 31, 262
"/Users/joseph/Desktop/mularpay/apps/mularpay-api/src/common/services/hierarchy.service.ts", "TypeScript", 92, 0, 0, 0, 0, 0, 0, 0, 0, 0, 0, 0, 39, 20, 151
"/Users/joseph/Desktop/mularpay/apps/mularpay-api/src/common/services/ip-geolocation.service.ts", "TypeScript", 84, 0, 0, 0, 0, 0, 0, 0, 0, 0, 0, 0, 12, 13, 109
"/Users/joseph/Desktop/mularpay/apps/mularpay-api/src/common/storage/redis-throttler.storage.ts", "TypeScript", 143, 0, 0, 0, 0, 0, 0, 0, 0, 0, 0, 0, 13, 20, 176
"/Users/joseph/Desktop/mularpay/apps/mularpay-api/src/crypto/cron/balance-sync.cron.ts", "TypeScript", 68, 0, 0, 0, 0, 0, 0, 0, 0, 0, 0, 0, 10, 13, 91
"/Users/joseph/Desktop/mularpay/apps/mularpay-api/src/crypto/cron/price-update.cron.ts", "TypeScript", 34, 0, 0, 0, 0, 0, 0, 0, 0, 0, 0, 0, 10, 7, 51
"/Users/joseph/Desktop/mularpay/apps/mularpay-api/src/crypto/crypto.controller.ts", "TypeScript", 117, 0, 0, 0, 0, 0, 0, 0, 0, 0, 0, 0, 70, 21, 208
"/Users/joseph/Desktop/mularpay/apps/mularpay-api/src/crypto/crypto.module.ts", "TypeScript", 41, 0, 0, 0, 0, 0, 0, 0, 0, 0, 0, 0, 8, 9, 58
"/Users/joseph/Desktop/mularpay/apps/mularpay-api/src/crypto/crypto.service.ts", "TypeScript", 110, 0, 0, 0, 0, 0, 0, 0, 0, 0, 0, 0, 33, 27, 170
"/Users/joseph/Desktop/mularpay/apps/mularpay-api/src/crypto/dto/convert-crypto.dto.ts", "TypeScript", 21, 0, 0, 0, 0, 0, 0, 0, 0, 0, 0, 0, 0, 6, 27
"/Users/joseph/Desktop/mularpay/apps/mularpay-api/src/crypto/dto/create-crypto-wallet.dto.ts", "TypeScript", 7, 0, 0, 0, 0, 0, 0, 0, 0, 0, 0, 0, 0, 2, 9
"/Users/joseph/Desktop/mularpay/apps/mularpay-api/src/crypto/dto/index.ts", "TypeScript", 4, 0, 0, 0, 0, 0, 0, 0, 0, 0, 0, 0, 0, 1, 5
"/Users/joseph/Desktop/mularpay/apps/mularpay-api/src/crypto/dto/send-crypto.dto.ts", "TypeScript", 19, 0, 0, 0, 0, 0, 0, 0, 0, 0, 0, 0, 0, 6, 25
"/Users/joseph/Desktop/mularpay/apps/mularpay-api/src/crypto/dto/set-exchange-rate.dto.ts", "TypeScript", 32, 0, 0, 0, 0, 0, 0, 0, 0, 0, 0, 0, 0, 8, 40
"/Users/joseph/Desktop/mularpay/apps/mularpay-api/src/crypto/services/conversion.service.ts", "TypeScript", 253, 0, 0, 0, 0, 0, 0, 0, 0, 0, 0, 0, 34, 45, 332
"/Users/joseph/Desktop/mularpay/apps/mularpay-api/src/crypto/services/crypto-balance.service.ts", "TypeScript", 235, 0, 0, 0, 0, 0, 0, 0, 0, 0, 0, 0, 53, 43, 331
"/Users/joseph/Desktop/mularpay/apps/mularpay-api/src/crypto/services/crypto-send.service.ts", "TypeScript", 218, 0, 0, 0, 0, 0, 0, 0, 0, 0, 0, 0, 31, 37, 286
"/Users/joseph/Desktop/mularpay/apps/mularpay-api/src/crypto/services/crypto-wallet.service.ts", "TypeScript", 174, 0, 0, 0, 0, 0, 0, 0, 0, 0, 0, 0, 35, 32, 241
"/Users/joseph/Desktop/mularpay/apps/mularpay-api/src/crypto/services/exchange-rate.service.ts", "TypeScript", 139, 0, 0, 0, 0, 0, 0, 0, 0, 0, 0, 0, 27, 20, 186
"/Users/joseph/Desktop/mularpay/apps/mularpay-api/src/crypto/services/price.service.ts", "TypeScript", 162, 0, 0, 0, 0, 0, 0, 0, 0, 0, 0, 0, 37, 32, 231
"/Users/joseph/Desktop/mularpay/apps/mularpay-api/src/crypto/venly/venly-auth.service.ts", "TypeScript", 85, 0, 0, 0, 0, 0, 0, 0, 0, 0, 0, 0, 25, 20, 130
"/Users/joseph/Desktop/mularpay/apps/mularpay-api/src/crypto/venly/venly-user.service.ts", "TypeScript", 123, 0, 0, 0, 0, 0, 0, 0, 0, 0, 0, 0, 36, 35, 194
"/Users/joseph/Desktop/mularpay/apps/mularpay-api/src/crypto/venly/venly.service.ts", "TypeScript", 383, 0, 0, 0, 0, 0, 0, 0, 0, 0, 0, 0, 56, 73, 512
"/Users/joseph/Desktop/mularpay/apps/mularpay-api/src/crypto/venly/venly.types.ts", "TypeScript", 172, 0, 0, 0, 0, 0, 0, 0, 0, 0, 0, 0, 32, 27, 231
"/Users/joseph/Desktop/mularpay/apps/mularpay-api/src/device/device.controller.ts", "TypeScript", 60, 0, 0, 0, 0, 0, 0, 0, 0, 0, 0, 0, 16, 6, 82
"/Users/joseph/Desktop/mularpay/apps/mularpay-api/src/device/device.module.ts", "TypeScript", 12, 0, 0, 0, 0, 0, 0, 0, 0, 0, 0, 0, 0, 2, 14
"/Users/joseph/Desktop/mularpay/apps/mularpay-api/src/device/device.service.ts", "TypeScript", 252, 0, 0, 0, 0, 0, 0, 0, 0, 0, 0, 0, 57, 39, 348
"/Users/joseph/Desktop/mularpay/apps/mularpay-api/src/limits/limits.controller.ts", "TypeScript", 33, 0, 0, 0, 0, 0, 0, 0, 0, 0, 0, 0, 12, 5, 50
"/Users/joseph/Desktop/mularpay/apps/mularpay-api/src/limits/limits.module.ts", "TypeScript", 11, 0, 0, 0, 0, 0, 0, 0, 0, 0, 0, 0, 0, 2, 13
"/Users/joseph/Desktop/mularpay/apps/mularpay-api/src/limits/limits.service.ts", "TypeScript", 320, 0, 0, 0, 0, 0, 0, 0, 0, 0, 0, 0, 59, 45, 424
"/Users/joseph/Desktop/mularpay/apps/mularpay-api/src/main.ts", "TypeScript", 46, 0, 0, 0, 0, 0, 0, 0, 0, 0, 0, 0, 4, 10, 60
"/Users/joseph/Desktop/mularpay/apps/mularpay-api/src/notifications/birthday-scheduler.service.ts", "TypeScript", 211, 0, 0, 0, 0, 0, 0, 0, 0, 0, 0, 0, 48, 26, 285
"/Users/joseph/Desktop/mularpay/apps/mularpay-api/src/notifications/dto/create-notification.dto.ts", "TypeScript", 15, 0, 0, 0, 0, 0, 0, 0, 0, 0, 0, 0, 0, 6, 21
"/Users/joseph/Desktop/mularpay/apps/mularpay-api/src/notifications/dto/find-notifications.dto.ts", "TypeScript", 30, 0, 0, 0, 0, 0, 0, 0, 0, 0, 0, 0, 0, 5, 35
"/Users/joseph/Desktop/mularpay/apps/mularpay-api/src/notifications/dto/index.ts", "TypeScript", 3, 0, 0, 0, 0, 0, 0, 0, 0, 0, 0, 0, 0, 1, 4
"/Users/joseph/Desktop/mularpay/apps/mularpay-api/src/notifications/dto/update-onesignal.dto.ts", "TypeScript", 8, 0, 0, 0, 0, 0, 0, 0, 0, 0, 0, 0, 3, 3, 14
"/Users/joseph/Desktop/mularpay/apps/mularpay-api/src/notifications/dto/update-preferences.dto.ts", "TypeScript", 84, 0, 0, 0, 0, 0, 0, 0, 0, 0, 0, 0, 11, 25, 120
"/Users/joseph/Desktop/mularpay/apps/mularpay-api/src/notifications/expo-push.service.ts", "TypeScript", 204, 0, 0, 0, 0, 0, 0, 0, 0, 0, 0, 0, 26, 24, 254
"/Users/joseph/Desktop/mularpay/apps/mularpay-api/src/notifications/notification-dispatcher.service.ts", "TypeScript", 555, 0, 0, 0, 0, 0, 0, 0, 0, 0, 0, 0, 149, 75, 779
"/Users/joseph/Desktop/mularpay/apps/mularpay-api/src/notifications/notification-log.service.ts", "TypeScript", 146, 0, 0, 0, 0, 0, 0, 0, 0, 0, 0, 0, 62, 22, 230
"/Users/joseph/Desktop/mularpay/apps/mularpay-api/src/notifications/notification-preferences.controller.ts", "TypeScript", 53, 0, 0, 0, 0, 0, 0, 0, 0, 0, 0, 0, 51, 8, 112
"/Users/joseph/Desktop/mularpay/apps/mularpay-api/src/notifications/notification-preferences.service.ts", "TypeScript", 157, 0, 0, 0, 0, 0, 0, 0, 0, 0, 0, 0, 84, 40, 281
"/Users/joseph/Desktop/mularpay/apps/mularpay-api/src/notifications/notification-queue.processor.ts", "TypeScript", 422, 0, 0, 0, 0, 0, 0, 0, 0, 0, 0, 0, 70, 56, 548
"/Users/joseph/Desktop/mularpay/apps/mularpay-api/src/notifications/notifications.controller.ts", "TypeScript", 43, 0, 0, 0, 0, 0, 0, 0, 0, 0, 0, 0, 0, 6, 49
"/Users/joseph/Desktop/mularpay/apps/mularpay-api/src/notifications/notifications.module.ts", "TypeScript", 40, 0, 0, 0, 0, 0, 0, 0, 0, 0, 0, 0, 2, 2, 44
"/Users/joseph/Desktop/mularpay/apps/mularpay-api/src/notifications/notifications.service.ts", "TypeScript", 109, 0, 0, 0, 0, 0, 0, 0, 0, 0, 0, 0, 12, 25, 146
"/Users/joseph/Desktop/mularpay/apps/mularpay-api/src/notifications/onesignal.service.ts", "TypeScript", 212, 0, 0, 0, 0, 0, 0, 0, 0, 0, 0, 0, 17, 20, 249
"/Users/joseph/Desktop/mularpay/apps/mularpay-api/src/payments/payments.controller.ts", "TypeScript", 389, 0, 0, 0, 0, 0, 0, 0, 0, 0, 0, 0, 43, 47, 479
"/Users/joseph/Desktop/mularpay/apps/mularpay-api/src/payments/payments.module.ts", "TypeScript", 19, 0, 0, 0, 0, 0, 0, 0, 0, 0, 0, 0, 0, 2, 21
"/Users/joseph/Desktop/mularpay/apps/mularpay-api/src/payments/paystack.service.ts", "TypeScript", 573, 0, 0, 0, 0, 0, 0, 0, 0, 0, 0, 0, 65, 76, 714
"/Users/joseph/Desktop/mularpay/apps/mularpay-api/src/prisma/prisma.module.ts", "TypeScript", 8, 0, 0, 0, 0, 0, 0, 0, 0, 0, 0, 0, 6, 2, 16
"/Users/joseph/Desktop/mularpay/apps/mularpay-api/src/prisma/prisma.service.ts", "TypeScript", 79, 0, 0, 0, 0, 0, 0, 0, 0, 0, 0, 0, 26, 13, 118
"/Users/joseph/Desktop/mularpay/apps/mularpay-api/src/services/email/email.module.ts", "TypeScript", 9, 0, 0, 0, 0, 0, 0, 0, 0, 0, 0, 0, 0, 2, 11
"/Users/joseph/Desktop/mularpay/apps/mularpay-api/src/services/email/email.service.ts", "TypeScript", 628, 0, 0, 0, 0, 0, 0, 0, 0, 0, 0, 0, 35, 66, 729
"/Users/joseph/Desktop/mularpay/apps/mularpay-api/src/services/email/templates/birthday.template.ts", "TypeScript", 117, 0, 0, 0, 0, 0, 0, 0, 0, 0, 0, 0, 4, 5, 126
"/Users/joseph/Desktop/mularpay/apps/mularpay-api/src/services/email/templates/device-verification.template.ts", "TypeScript", 140, 0, 0, 0, 0, 0, 0, 0, 0, 0, 0, 0, 4, 4, 148
"/Users/joseph/Desktop/mularpay/apps/mularpay-api/src/services/email/templates/verification-code.template.ts", "TypeScript", 116, 0, 0, 0, 0, 0, 0, 0, 0, 0, 0, 0, 3, 4, 123
"/Users/joseph/Desktop/mularpay/apps/mularpay-api/src/services/email/templates/vtu-transaction.template.ts", "TypeScript", 268, 0, 0, 0, 0, 0, 0, 0, 0, 0, 0, 0, 5, 7, 280
"/Users/joseph/Desktop/mularpay/apps/mularpay-api/src/services/email/templates/wallet-locked.template.ts", "TypeScript", 157, 0, 0, 0, 0, 0, 0, 0, 0, 0, 0, 0, 5, 12, 174
"/Users/joseph/Desktop/mularpay/apps/mularpay-api/src/services/email/templates/welcome.template.ts", "TypeScript", 171, 0, 0, 0, 0, 0, 0, 0, 0, 0, 0, 0, 3, 3, 177
"/Users/joseph/Desktop/mularpay/apps/mularpay-api/src/services/email/templates/withdrawal-transaction.template.ts", "TypeScript", 281, 0, 0, 0, 0, 0, 0, 0, 0, 0, 0, 0, 5, 8, 294
"/Users/joseph/Desktop/mularpay/apps/mularpay-api/src/services/sms/README.md", "Markdown", 0, 0, 111, 0, 0, 0, 0, 0, 0, 0, 0, 0, 0, 40, 151
"/Users/joseph/Desktop/mularpay/apps/mularpay-api/src/services/sms/interfaces/sms-provider.interface.ts", "TypeScript", 23, 0, 0, 0, 0, 0, 0, 0, 0, 0, 0, 0, 19, 5, 47
"/Users/joseph/Desktop/mularpay/apps/mularpay-api/src/services/sms/providers/termii.provider.ts", "TypeScript", 238, 0, 0, 0, 0, 0, 0, 0, 0, 0, 0, 0, 26, 36, 300
"/Users/joseph/Desktop/mularpay/apps/mularpay-api/src/services/sms/providers/vtpass.provider.ts", "TypeScript", 285, 0, 0, 0, 0, 0, 0, 0, 0, 0, 0, 0, 24, 37, 346
"/Users/joseph/Desktop/mularpay/apps/mularpay-api/src/services/sms/sms.module.ts", "TypeScript", 9, 0, 0, 0, 0, 0, 0, 0, 0, 0, 0, 0, 0, 2, 11
"/Users/joseph/Desktop/mularpay/apps/mularpay-api/src/services/sms/sms.service.ts", "TypeScript", 112, 0, 0, 0, 0, 0, 0, 0, 0, 0, 0, 0, 31, 17, 160
"/Users/joseph/Desktop/mularpay/apps/mularpay-api/src/services/sms/templates/birthday.template.ts", "TypeScript", 3, 0, 0, 0, 0, 0, 0, 0, 0, 0, 0, 0, 5, 2, 10
"/Users/joseph/Desktop/mularpay/apps/mularpay-api/src/services/sms/templates/verification-code.template.ts", "TypeScript", 26, 0, 0, 0, 0, 0, 0, 0, 0, 0, 0, 0, 17, 5, 48
"/Users/joseph/Desktop/mularpay/apps/mularpay-api/src/support/bot.service.ts", "TypeScript", 605, 0, 0, 0, 0, 0, 0, 0, 0, 0, 0, 0, 27, 72, 704
"/Users/joseph/Desktop/mularpay/apps/mularpay-api/src/support/canned-response.service.ts", "TypeScript", 115, 0, 0, 0, 0, 0, 0, 0, 0, 0, 0, 0, 0, 28, 143
"/Users/joseph/Desktop/mularpay/apps/mularpay-api/src/support/dto/canned-response.dto.ts", "TypeScript", 30, 0, 0, 0, 0, 0, 0, 0, 0, 0, 0, 0, 0, 10, 40
"/Users/joseph/Desktop/mularpay/apps/mularpay-api/src/support/dto/create-conversation.dto.ts", "TypeScript", 38, 0, 0, 0, 0, 0, 0, 0, 0, 0, 0, 0, 0, 13, 51
"/Users/joseph/Desktop/mularpay/apps/mularpay-api/src/support/dto/create-message.dto.ts", "TypeScript", 21, 0, 0, 0, 0, 0, 0, 0, 0, 0, 0, 0, 0, 5, 26
"/Users/joseph/Desktop/mularpay/apps/mularpay-api/src/support/dto/create-ticket.dto.ts", "TypeScript", 13, 0, 0, 0, 0, 0, 0, 0, 0, 0, 0, 0, 0, 5, 18
"/Users/joseph/Desktop/mularpay/apps/mularpay-api/src/support/dto/find-conversations.dto.ts", "TypeScript", 67, 0, 0, 0, 0, 0, 0, 0, 0, 0, 0, 0, 0, 14, 81
"/Users/joseph/Desktop/mularpay/apps/mularpay-api/src/support/dto/help.dto.ts", "TypeScript", 87, 0, 0, 0, 0, 0, 0, 0, 0, 0, 0, 0, 0, 23, 110
"/Users/joseph/Desktop/mularpay/apps/mularpay-api/src/support/dto/index.ts", "TypeScript", 7, 0, 0, 0, 0, 0, 0, 0, 0, 0, 0, 0, 0, 1, 8
"/Users/joseph/Desktop/mularpay/apps/mularpay-api/src/support/dto/update-ticket.dto.ts", "TypeScript", 31, 0, 0, 0, 0, 0, 0, 0, 0, 0, 0, 0, 0, 8, 39
"/Users/joseph/Desktop/mularpay/apps/mularpay-api/src/support/help.controller.ts", "TypeScript", 56, 0, 0, 0, 0, 0, 0, 0, 0, 0, 0, 0, 34, 10, 100
"/Users/joseph/Desktop/mularpay/apps/mularpay-api/src/support/help.service.ts", "TypeScript", 280, 0, 0, 0, 0, 0, 0, 0, 0, 0, 0, 0, 19, 60, 359
"/Users/joseph/Desktop/mularpay/apps/mularpay-api/src/support/support-admin.controller.ts", "TypeScript", 275, 0, 0, 0, 0, 0, 0, 0, 0, 0, 0, 0, 141, 45, 461
"/Users/joseph/Desktop/mularpay/apps/mularpay-api/src/support/support-notification.service.ts", "TypeScript", 311, 0, 0, 0, 0, 0, 0, 0, 0, 0, 0, 0, 34, 38, 383
"/Users/joseph/Desktop/mularpay/apps/mularpay-api/src/support/support.controller.ts", "TypeScript", 191, 0, 0, 0, 0, 0, 0, 0, 0, 0, 0, 0, 66, 29, 286
"/Users/joseph/Desktop/mularpay/apps/mularpay-api/src/support/support.gateway.ts", "TypeScript", 269, 0, 0, 0, 0, 0, 0, 0, 0, 0, 0, 0, 34, 54, 357
"/Users/joseph/Desktop/mularpay/apps/mularpay-api/src/support/support.module.ts", "TypeScript", 50, 0, 0, 0, 0, 0, 0, 0, 0, 0, 0, 0, 3, 5, 58
"/Users/joseph/Desktop/mularpay/apps/mularpay-api/src/support/support.service.ts", "TypeScript", 1262, 0, 0, 0, 0, 0, 0, 0, 0, 0, 0, 0, 83, 162, 1507
"/Users/joseph/Desktop/mularpay/apps/mularpay-api/src/transactions/constants/reserved-tags.ts", "TypeScript", 70, 0, 0, 0, 0, 0, 0, 0, 0, 0, 0, 0, 22, 12, 104
"/Users/joseph/Desktop/mularpay/apps/mularpay-api/src/transactions/dto/create-withdrawal-config.dto.ts", "TypeScript", 38, 0, 0, 0, 0, 0, 0, 0, 0, 0, 0, 0, 0, 10, 48
"/Users/joseph/Desktop/mularpay/apps/mularpay-api/src/transactions/dto/fund-wallet.dto.ts", "TypeScript", 9, 0, 0, 0, 0, 0, 0, 0, 0, 0, 0, 0, 0, 3, 12
"/Users/joseph/Desktop/mularpay/apps/mularpay-api/src/transactions/dto/index.ts", "TypeScript", 8, 0, 0, 0, 0, 0, 0, 0, 0, 0, 0, 0, 0, 1, 9
"/Users/joseph/Desktop/mularpay/apps/mularpay-api/src/transactions/dto/lookup-tag.dto.ts", "TypeScript", 5, 0, 0, 0, 0, 0, 0, 0, 0, 0, 0, 0, 0, 1, 6
"/Users/joseph/Desktop/mularpay/apps/mularpay-api/src/transactions/dto/resolve-account.dto.ts", "TypeScript", 9, 0, 0, 0, 0, 0, 0, 0, 0, 0, 0, 0, 0, 3, 12
"/Users/joseph/Desktop/mularpay/apps/mularpay-api/src/transactions/dto/send-to-user.dto.ts", "TypeScript", 28, 0, 0, 0, 0, 0, 0, 0, 0, 0, 0, 0, 0, 5, 33
"/Users/joseph/Desktop/mularpay/apps/mularpay-api/src/transactions/dto/set-tag.dto.ts", "TypeScript", 11, 0, 0, 0, 0, 0, 0, 0, 0, 0, 0, 0, 0, 2, 13
"/Users/joseph/Desktop/mularpay/apps/mularpay-api/src/transactions/dto/update-withdrawal-config.dto.ts", "TypeScript", 43, 0, 0, 0, 0, 0, 0, 0, 0, 0, 0, 0, 0, 10, 53
"/Users/joseph/Desktop/mularpay/apps/mularpay-api/src/transactions/dto/withdraw-funds.dto.ts", "TypeScript", 29, 0, 0, 0, 0, 0, 0, 0, 0, 0, 0, 0, 0, 7, 36
"/Users/joseph/Desktop/mularpay/apps/mularpay-api/src/transactions/transactions.controller.ts", "TypeScript", 134, 0, 0, 0, 0, 0, 0, 0, 0, 0, 0, 0, 59, 17, 210
"/Users/joseph/Desktop/mularpay/apps/mularpay-api/src/transactions/transactions.module.ts", "TypeScript", 25, 0, 0, 0, 0, 0, 0, 0, 0, 0, 0, 0, 0, 2, 27
"/Users/joseph/Desktop/mularpay/apps/mularpay-api/src/transactions/transactions.service.ts", "TypeScript", 1501, 0, 0, 0, 0, 0, 0, 0, 0, 0, 0, 0, 221, 197, 1919
"/Users/joseph/Desktop/mularpay/apps/mularpay-api/src/transactions/transactions.types.ts", "TypeScript", 92, 0, 0, 0, 0, 0, 0, 0, 0, 0, 0, 0, 3, 13, 108
"/Users/joseph/Desktop/mularpay/apps/mularpay-api/src/users/dto/change-password.dto.ts", "TypeScript", 21, 0, 0, 0, 0, 0, 0, 0, 0, 0, 0, 0, 4, 3, 28
"/Users/joseph/Desktop/mularpay/apps/mularpay-api/src/users/dto/change-pin.dto.ts", "TypeScript", 15, 0, 0, 0, 0, 0, 0, 0, 0, 0, 0, 0, 0, 4, 19
"/Users/joseph/Desktop/mularpay/apps/mularpay-api/src/users/dto/index.ts", "TypeScript", 7, 0, 0, 0, 0, 0, 0, 0, 0, 0, 0, 0, 0, 1, 8
"/Users/joseph/Desktop/mularpay/apps/mularpay-api/src/users/dto/request-account-deletion.dto.ts", "TypeScript", 20, 0, 0, 0, 0, 0, 0, 0, 0, 0, 0, 0, 4, 5, 29
"/Users/joseph/Desktop/mularpay/apps/mularpay-api/src/users/dto/set-pin.dto.ts", "TypeScript", 11, 0, 0, 0, 0, 0, 0, 0, 0, 0, 0, 0, 0, 3, 14
"/Users/joseph/Desktop/mularpay/apps/mularpay-api/src/users/dto/update-profile.dto.ts", "TypeScript", 47, 0, 0, 0, 0, 0, 0, 0, 0, 0, 0, 0, 4, 10, 61
"/Users/joseph/Desktop/mularpay/apps/mularpay-api/src/users/dto/verify-bvn.dto.ts", "TypeScript", 14, 0, 0, 0, 0, 0, 0, 0, 0, 0, 0, 0, 4, 3, 21
"/Users/joseph/Desktop/mularpay/apps/mularpay-api/src/users/dto/verify-email.dto.ts", "TypeScript", 7, 0, 0, 0, 0, 0, 0, 0, 0, 0, 0, 0, 4, 2, 13
"/Users/joseph/Desktop/mularpay/apps/mularpay-api/src/users/dto/verify-nin.dto.ts", "TypeScript", 14, 0, 0, 0, 0, 0, 0, 0, 0, 0, 0, 0, 4, 3, 21
"/Users/joseph/Desktop/mularpay/apps/mularpay-api/src/users/dto/verify-phone.dto.ts", "TypeScript", 7, 0, 0, 0, 0, 0, 0, 0, 0, 0, 0, 0, 4, 2, 13
"/Users/joseph/Desktop/mularpay/apps/mularpay-api/src/users/dto/verify-pin.dto.ts", "TypeScript", 7, 0, 0, 0, 0, 0, 0, 0, 0, 0, 0, 0, 0, 2, 9
"/Users/joseph/Desktop/mularpay/apps/mularpay-api/src/users/users.controller.ts", "TypeScript", 164, 0, 0, 0, 0, 0, 0, 0, 0, 0, 0, 0, 64, 18, 246
"/Users/joseph/Desktop/mularpay/apps/mularpay-api/src/users/users.module.ts", "TypeScript", 14, 0, 0, 0, 0, 0, 0, 0, 0, 0, 0, 0, 0, 2, 16
"/Users/joseph/Desktop/mularpay/apps/mularpay-api/src/users/users.service.ts", "TypeScript", 1214, 0, 0, 0, 0, 0, 0, 0, 0, 0, 0, 0, 233, 197, 1644
"/Users/joseph/Desktop/mularpay/apps/mularpay-api/src/utils/bvn-encryption.service.ts", "TypeScript", 117, 0, 0, 0, 0, 0, 0, 0, 0, 0, 0, 0, 51, 26, 194
"/Users/joseph/Desktop/mularpay/apps/mularpay-api/src/utils/utils.module.ts", "TypeScript", 10, 0, 0, 0, 0, 0, 0, 0, 0, 0, 0, 0, 6, 2, 18
"/Users/joseph/Desktop/mularpay/apps/mularpay-api/src/virtual-accounts/dto/index.ts", "TypeScript", 1, 0, 0, 0, 0, 0, 0, 0, 0, 0, 0, 0, 0, 1, 2
"/Users/joseph/Desktop/mularpay/apps/mularpay-api/src/virtual-accounts/dto/request-virtual-account.dto.ts", "TypeScript", 33, 0, 0, 0, 0, 0, 0, 0, 0, 0, 0, 0, 6, 10, 49
"/Users/joseph/Desktop/mularpay/apps/mularpay-api/src/virtual-accounts/virtual-accounts.controller.ts", "TypeScript", 37, 0, 0, 0, 0, 0, 0, 0, 0, 0, 0, 0, 36, 6, 79
"/Users/joseph/Desktop/mularpay/apps/mularpay-api/src/virtual-accounts/virtual-accounts.module.ts", "TypeScript", 19, 0, 0, 0, 0, 0, 0, 0, 0, 0, 0, 0, 0, 2, 21
"/Users/joseph/Desktop/mularpay/apps/mularpay-api/src/virtual-accounts/virtual-accounts.service.ts", "TypeScript", 344, 0, 0, 0, 0, 0, 0, 0, 0, 0, 0, 0, 49, 43, 436
"/Users/joseph/Desktop/mularpay/apps/mularpay-api/src/vtu/dto/get-orders.dto.ts", "TypeScript", 27, 0, 0, 0, 0, 0, 0, 0, 0, 0, 0, 0, 0, 7, 34
"/Users/joseph/Desktop/mularpay/apps/mularpay-api/src/vtu/dto/index.ts", "TypeScript", 10, 0, 0, 0, 0, 0, 0, 0, 0, 0, 0, 0, 0, 1, 11
"/Users/joseph/Desktop/mularpay/apps/mularpay-api/src/vtu/dto/pay-cable-tv.dto.ts", "TypeScript", 53, 0, 0, 0, 0, 0, 0, 0, 0, 0, 0, 0, 1, 12, 66
"/Users/joseph/Desktop/mularpay/apps/mularpay-api/src/vtu/dto/pay-electricity.dto.ts", "TypeScript", 44, 0, 0, 0, 0, 0, 0, 0, 0, 0, 0, 0, 1, 10, 55
"/Users/joseph/Desktop/mularpay/apps/mularpay-api/src/vtu/dto/pay-showmax.dto.ts", "TypeScript", 14, 0, 0, 0, 0, 0, 0, 0, 0, 0, 0, 0, 0, 4, 18
"/Users/joseph/Desktop/mularpay/apps/mularpay-api/src/vtu/dto/purchase-airtime.dto.ts", "TypeScript", 37, 0, 0, 0, 0, 0, 0, 0, 0, 0, 0, 0, 1, 7, 45
"/Users/joseph/Desktop/mularpay/apps/mularpay-api/src/vtu/dto/purchase-data.dto.ts", "TypeScript", 37, 0, 0, 0, 0, 0, 0, 0, 0, 0, 0, 0, 1, 8, 46
"/Users/joseph/Desktop/mularpay/apps/mularpay-api/src/vtu/dto/purchase-international-airtime.dto.ts", "TypeScript", 21, 0, 0, 0, 0, 0, 0, 0, 0, 0, 0, 0, 0, 9, 30
"/Users/joseph/Desktop/mularpay/apps/mularpay-api/src/vtu/dto/saved-recipient.dto.ts", "TypeScript", 23, 0, 0, 0, 0, 0, 0, 0, 0, 0, 0, 0, 0, 7, 30
"/Users/joseph/Desktop/mularpay/apps/mularpay-api/src/vtu/dto/verify-meter.dto.ts", "TypeScript", 16, 0, 0, 0, 0, 0, 0, 0, 0, 0, 0, 0, 0, 5, 21
"/Users/joseph/Desktop/mularpay/apps/mularpay-api/src/vtu/dto/verify-smartcard.dto.ts", "TypeScript", 10, 0, 0, 0, 0, 0, 0, 0, 0, 0, 0, 0, 0, 3, 13
"/Users/joseph/Desktop/mularpay/apps/mularpay-api/src/vtu/services/vtpass.service.ts", "TypeScript", 591, 0, 0, 0, 0, 0, 0, 0, 0, 0, 0, 0, 29, 75, 695
"/Users/joseph/Desktop/mularpay/apps/mularpay-api/src/vtu/vtu-webhooks.controller.ts", "TypeScript", 89, 0, 0, 0, 0, 0, 0, 0, 0, 0, 0, 0, 7, 20, 116
"/Users/joseph/Desktop/mularpay/apps/mularpay-api/src/vtu/vtu.controller.ts", "TypeScript", 220, 0, 0, 0, 0, 0, 0, 0, 0, 0, 0, 0, 6, 33, 259
"/Users/joseph/Desktop/mularpay/apps/mularpay-api/src/vtu/vtu.module.ts", "TypeScript", 27, 0, 0, 0, 0, 0, 0, 0, 0, 0, 0, 0, 0, 2, 29
"/Users/joseph/Desktop/mularpay/apps/mularpay-api/src/vtu/vtu.service.ts", "TypeScript", 1981, 0, 0, 0, 0, 0, 0, 0, 0, 0, 0, 0, 209, 274, 2464
"/Users/joseph/Desktop/mularpay/apps/mularpay-api/src/wallet/dto/get-transactions.dto.ts", "TypeScript", 44, 0, 0, 0, 0, 0, 0, 0, 0, 0, 0, 0, 3, 9, 56
"/Users/joseph/Desktop/mularpay/apps/mularpay-api/src/wallet/dto/index.ts", "TypeScript", 3, 0, 0, 0, 0, 0, 0, 0, 0, 0, 0, 0, 0, 1, 4
"/Users/joseph/Desktop/mularpay/apps/mularpay-api/src/wallet/dto/lock-wallet.dto.ts", "TypeScript", 8, 0, 0, 0, 0, 0, 0, 0, 0, 0, 0, 0, 3, 2, 13
"/Users/joseph/Desktop/mularpay/apps/mularpay-api/src/wallet/dto/unlock-wallet.dto.ts", "TypeScript", 17, 0, 0, 0, 0, 0, 0, 0, 0, 0, 0, 0, 3, 3, 23
"/Users/joseph/Desktop/mularpay/apps/mularpay-api/src/wallet/wallet.controller.spec.ts", "TypeScript", 14, 0, 0, 0, 0, 0, 0, 0, 0, 0, 0, 0, 0, 5, 19
"/Users/joseph/Desktop/mularpay/apps/mularpay-api/src/wallet/wallet.controller.ts", "TypeScript", 66, 0, 0, 0, 0, 0, 0, 0, 0, 0, 0, 0, 25, 8, 99
"/Users/joseph/Desktop/mularpay/apps/mularpay-api/src/wallet/wallet.module.ts", "TypeScript", 10, 0, 0, 0, 0, 0, 0, 0, 0, 0, 0, 0, 0, 2, 12
"/Users/joseph/Desktop/mularpay/apps/mularpay-api/src/wallet/wallet.service.spec.ts", "TypeScript", 14, 0, 0, 0, 0, 0, 0, 0, 0, 0, 0, 0, 0, 5, 19
"/Users/joseph/Desktop/mularpay/apps/mularpay-api/src/wallet/wallet.service.ts", "TypeScript", 416, 0, 0, 0, 0, 0, 0, 0, 0, 0, 0, 0, 84, 65, 565
"/Users/joseph/Desktop/mularpay/apps/mularpay-api/src/wallet/wallet.types.ts", "TypeScript", 104, 0, 0, 0, 0, 0, 0, 0, 0, 0, 0, 0, 25, 9, 138
"/Users/joseph/Desktop/mularpay/apps/mularpay-api/src/webhooks/paystack-webhook.controller.ts", "TypeScript", 64, 0, 0, 0, 0, 0, 0, 0, 0, 0, 0, 0, 20, 14, 98
"/Users/joseph/Desktop/mularpay/apps/mularpay-api/src/webhooks/paystack-webhook.service.ts", "TypeScript", 314, 0, 0, 0, 0, 0, 0, 0, 0, 0, 0, 0, 66, 45, 425
"/Users/joseph/Desktop/mularpay/apps/mularpay-api/src/webhooks/resend-webhook.controller.ts", "TypeScript", 128, 0, 0, 0, 0, 0, 0, 0, 0, 0, 0, 0, 21, 17, 166
"/Users/joseph/Desktop/mularpay/apps/mularpay-api/src/webhooks/resend-webhook.service.ts", "TypeScript", 422, 0, 0, 0, 0, 0, 0, 0, 0, 0, 0, 0, 73, 63, 558
"/Users/joseph/Desktop/mularpay/apps/mularpay-api/src/webhooks/webhooks.module.ts", "TypeScript", 25, 0, 0, 0, 0, 0, 0, 0, 0, 0, 0, 0, 0, 2, 27
"/Users/joseph/Desktop/mularpay/apps/mularpay-api/test-redis.js", "JavaScript", 0, 0, 0, 0, 0, 0, 53, 0, 0, 0, 0, 0, 4, 8, 65
"/Users/joseph/Desktop/mularpay/apps/mularpay-api/test/app.e2e-spec.ts", "TypeScript", 21, 0, 0, 0, 0, 0, 0, 0, 0, 0, 0, 0, 0, 5, 26
"/Users/joseph/Desktop/mularpay/apps/mularpay-api/test/jest-e2e.json", "JSON", 0, 0, 0, 0, 0, 9, 0, 0, 0, 0, 0, 0, 0, 1, 10
"/Users/joseph/Desktop/mularpay/apps/mularpay-api/tsconfig.build.json", "JSON", 0, 0, 0, 0, 0, 4, 0, 0, 0, 0, 0, 0, 0, 1, 5
"/Users/joseph/Desktop/mularpay/apps/mularpay-api/tsconfig.json", "JSON with Comments", 0, 0, 0, 0, 0, 0, 0, 25, 0, 0, 0, 0, 0, 1, 26
"/Users/joseph/Desktop/mularpay/apps/mularpay-web/README.md", "Markdown", 0, 0, 23, 0, 0, 0, 0, 0, 0, 0, 0, 0, 0, 14, 37
"/Users/joseph/Desktop/mularpay/apps/mularpay-web/app/globals.css", "PostCSS", 0, 0, 0, 0, 0, 0, 0, 0, 0, 0, 22, 0, 0, 5, 27
"/Users/joseph/Desktop/mularpay/apps/mularpay-web/app/layout.tsx", "TypeScript JSX", 0, 0, 0, 0, 0, 0, 0, 0, 0, 30, 0, 0, 0, 5, 35
"/Users/joseph/Desktop/mularpay/apps/mularpay-web/app/page.tsx", "TypeScript JSX", 0, 0, 0, 0, 0, 0, 0, 0, 0, 64, 0, 0, 0, 2, 66
"/Users/joseph/Desktop/mularpay/apps/mularpay-web/eslint.config.mjs", "JavaScript", 0, 0, 0, 0, 0, 0, 14, 0, 0, 0, 0, 0, 2, 3, 19
"/Users/joseph/Desktop/mularpay/apps/mularpay-web/next.config.ts", "TypeScript", 4, 0, 0, 0, 0, 0, 0, 0, 0, 0, 0, 0, 1, 3, 8
"/Users/joseph/Desktop/mularpay/apps/mularpay-web/package-lock.json", "JSON", 0, 0, 0, 0, 0, 6577, 0, 0, 0, 0, 0, 0, 0, 1, 6578
"/Users/joseph/Desktop/mularpay/apps/mularpay-web/package.json", "JSON", 0, 0, 0, 0, 0, 26, 0, 0, 0, 0, 0, 0, 0, 1, 27
"/Users/joseph/Desktop/mularpay/apps/mularpay-web/postcss.config.mjs", "JavaScript", 0, 0, 0, 0, 0, 0, 6, 0, 0, 0, 0, 0, 0, 2, 8
"/Users/joseph/Desktop/mularpay/apps/mularpay-web/public/file.svg", "XML", 0, 0, 0, 0, 0, 0, 0, 0, 1, 0, 0, 0, 0, 0, 1
"/Users/joseph/Desktop/mularpay/apps/mularpay-web/public/globe.svg", "XML", 0, 0, 0, 0, 0, 0, 0, 0, 1, 0, 0, 0, 0, 0, 1
"/Users/joseph/Desktop/mularpay/apps/mularpay-web/public/next.svg", "XML", 0, 0, 0, 0, 0, 0, 0, 0, 1, 0, 0, 0, 0, 0, 1
"/Users/joseph/Desktop/mularpay/apps/mularpay-web/public/vercel.svg", "XML", 0, 0, 0, 0, 0, 0, 0, 0, 1, 0, 0, 0, 0, 0, 1
"/Users/joseph/Desktop/mularpay/apps/mularpay-web/public/window.svg", "XML", 0, 0, 0, 0, 0, 0, 0, 0, 1, 0, 0, 0, 0, 0, 1
"/Users/joseph/Desktop/mularpay/apps/mularpay-web/tsconfig.json", "JSON with Comments", 0, 0, 0, 0, 0, 0, 0, 34, 0, 0, 0, 0, 0, 1, 35
"/Users/joseph/Desktop/mularpay/docs/API.md", "Markdown", 0, 0, 381, 0, 0, 0, 0, 0, 0, 0, 0, 0, 0, 116, 497
"/Users/joseph/Desktop/mularpay/docs/API_ENDPOINTS.md", "Markdown", 0, 0, 1741, 0, 0, 0, 0, 0, 0, 0, 0, 0, 0, 350, 2091
"/Users/joseph/Desktop/mularpay/docs/DEPLOYMENT.md", "Markdown", 0, 0, 238, 0, 0, 0, 0, 0, 0, 0, 0, 0, 0, 102, 340
"/Users/joseph/Desktop/mularpay/docs/MULTI_CURRENCY_AND_P2P_ANALYSIS.md", "Markdown", 0, 0, 1085, 0, 0, 0, 0, 0, 0, 0, 0, 0, 0, 356, 1441
"/Users/joseph/Desktop/mularpay/docs/PaystackDVA.md", "Markdown", 0, 0, 286, 0, 0, 0, 0, 0, 0, 0, 0, 0, 0, 63, 349
"/Users/joseph/Desktop/mularpay/docs/SECURITY.md", "Markdown", 0, 0, 267, 0, 0, 0, 0, 0, 0, 0, 0, 0, 0, 69, 336
"/Users/joseph/Desktop/mularpay/docs/SETUP.md", "Markdown", 0, 0, 143, 0, 0, 0, 0, 0, 0, 0, 0, 0, 0, 60, 203
"/Users/joseph/Desktop/mularpay/docs/performance-optimization-plan.md", "Markdown", 0, 0, 353, 0, 0, 0, 0, 0, 0, 0, 0, 0, 0, 131, 484
"/Users/joseph/Desktop/mularpay/md/DEPOSIT_LIMITS_IMPLEMENTATION_SUMMARY.md", "Markdown", 0, 0, 405, 0, 0, 0, 0, 0, 0, 0, 0, 0, 0, 132, 537
"/Users/joseph/Desktop/mularpay/md/Fri21stNov/JambPinVending.md", "Markdown", 0, 0, 152, 0, 0, 0, 0, 0, 0, 0, 0, 0, 0, 37, 189
"/Users/joseph/Desktop/mularpay/md/Fri21stNov/WaecRegistration.md", "Markdown", 0, 0, 127, 0, 0, 0, 0, 0, 0, 0, 0, 0, 0, 26, 153
"/Users/joseph/Desktop/mularpay/md/Fri21stNov/WaecResultChecker.md", "Markdown", 0, 0, 132, 0, 0, 0, 0, 0, 0, 0, 0, 0, 0, 26, 158
"/Users/joseph/Desktop/mularpay/md/Fri28thNov/ADMIN_DASHBOARD_IMPLEMENTATION_COMPLETE.md", "Markdown", 0, 0, 350, 0, 0, 0, 0, 0, 0, 0, 0, 0, 0, 119, 469
"/Users/joseph/Desktop/mularpay/md/Fri28thNov/ADMIN_DASHBOARD_VENLY_WALLET_IMPLEMENTATION.md", "Markdown", 0, 0, 636, 0, 0, 0, 0, 0, 0, 0, 0, 0, 0, 134, 770
"/Users/joseph/Desktop/mularpay/md/Fri28thNov/ADMIN_VENLY_IMPLEMENTATION_SUMMARY.md", "Markdown", 0, 0, 243, 0, 0, 0, 0, 0, 0, 0, 0, 0, 0, 82, 325
"/Users/joseph/Desktop/mularpay/md/Fri28thNov/COMPLETE_CRYPTO_SETUP_AND_FAQ.md", "Markdown", 0, 0, 165, 0, 0, 0, 0, 0, 0, 0, 0, 0, 0, 67, 232
"/Users/joseph/Desktop/mularpay/md/Fri28thNov/CRYPTO_BACKEND_COMPLETE.md", "Markdown", 0, 0, 314, 0, 0, 0, 0, 0, 0, 0, 0, 0, 0, 112, 426
"/Users/joseph/Desktop/mularpay/md/Fri28thNov/CRYPTO_WALLET_SETUP_AND_USAGE_GUIDE.md", "Markdown", 0, 0, 662, 0, 0, 0, 0, 0, 0, 0, 0, 0, 0, 130, 792
"/Users/joseph/Desktop/mularpay/md/Fri28thNov/PRODUCTION_CRYPTO_FLOW_GUIDE.md", "Markdown", 0, 0, 159, 0, 0, 0, 0, 0, 0, 0, 0, 0, 0, 62, 221
"/Users/joseph/Desktop/mularpay/md/Fri28thNov/VENLY_IMPLEMENTATION_CORRECTED.md", "Markdown", 0, 0, 213, 0, 0, 0, 0, 0, 0, 0, 0, 0, 0, 46, 259
"/Users/joseph/Desktop/mularpay/md/Fri28thNov/VENLY_TESTNET_ASSETS_GUIDE.md", "Markdown", 0, 0, 244, 0, 0, 0, 0, 0, 0, 0, 0, 0, 0, 77, 321
"/Users/joseph/Desktop/mularpay/md/IMPLEMENTATION-COMPLETE.md", "Markdown", 0, 0, 171, 0, 0, 0, 0, 0, 0, 0, 0, 0, 0, 72, 243
"/Users/joseph/Desktop/mularpay/md/MOBILE_APP_WALLET_LOCK_CHANGES.md", "Markdown", 0, 0, 823, 0, 0, 0, 0, 0, 0, 0, 0, 0, 0, 112, 935
"/Users/joseph/Desktop/mularpay/md/PAYSTACK-FEE-FIX.md", "Markdown", 0, 0, 123, 0, 0, 0, 0, 0, 0, 0, 0, 0, 0, 42, 165
"/Users/joseph/Desktop/mularpay/md/RATE_LIMITING_STATUS.md", "Markdown", 0, 0, 342, 0, 0, 0, 0, 0, 0, 0, 0, 0, 0, 132, 474
"/Users/joseph/Desktop/mularpay/md/RATE_LIMIT_LOCKED_ACCOUNTS_MANAGEMENT.md", "Markdown", 0, 0, 177, 0, 0, 0, 0, 0, 0, 0, 0, 0, 0, 66, 243
"/Users/joseph/Desktop/mularpay/md/Sun16thNov/ASYNC_PUSH_NOTIFICATIONS.md", "Markdown", 0, 0, 61, 0, 0, 0, 0, 0, 0, 0, 0, 0, 0, 15, 76
"/Users/joseph/Desktop/mularpay/md/Sun16thNov/DVA_BVN_AUTO_UPGRADE.md", "Markdown", 0, 0, 184, 0, 0, 0, 0, 0, 0, 0, 0, 0, 0, 56, 240
"/Users/joseph/Desktop/mularpay/md/Sun16thNov/NOTIFICATION_SYSTEM_IMPLEMENTATION.md", "Markdown", 0, 0, 570, 0, 0, 0, 0, 0, 0, 0, 0, 0, 0, 118, 688
"/Users/joseph/Desktop/mularpay/md/Sun16thNov/PRISMA_MIGRATION_WORKAROUND.md", "Markdown", 0, 0, 293, 0, 0, 0, 0, 0, 0, 0, 0, 0, 0, 113, 406
"/Users/joseph/Desktop/mularpay/md/Sun23Nov/SUPPORT_SYSTEM_FIXES_SUMMARY.md", "Markdown", 0, 0, 38, 0, 0, 0, 0, 0, 0, 0, 0, 0, 0, 19, 57
"/Users/joseph/Desktop/mularpay/md/Sun23Nov/SupportImplementation.md", "Markdown", 0, 0, 243, 0, 0, 0, 0, 0, 0, 0, 0, 0, 0, 89, 332
"/Users/joseph/Desktop/mularpay/md/Sun30thNov/DVA_FIXES_IMPLEMENTATION.md", "Markdown", 0, 0, 101, 0, 0, 0, 0, 0, 0, 0, 0, 0, 0, 36, 137
"/Users/joseph/Desktop/mularpay/md/Sun30thNov/IMPLEMENTATION_SUMMARY_SECURITY_FEATURES.md", "Markdown", 0, 0, 571, 0, 0, 0, 0, 0, 0, 0, 0, 0, 0, 153, 724
"/Users/joseph/Desktop/mularpay/md/Sun30thNov/RATING_SYSTEM.md", "Markdown", 0, 0, 263, 0, 0, 0, 0, 0, 0, 0, 0, 0, 0, 100, 363
"/Users/joseph/Desktop/mularpay/md/Sun30thNov/RATING_SYSTEM_IMPLEMENTATION.md", "Markdown", 0, 0, 275, 0, 0, 0, 0, 0, 0, 0, 0, 0, 0, 116, 391
"/Users/joseph/Desktop/mularpay/md/TRANSACTION_LIMITS_ANALYSIS.md", "Markdown", 0, 0, 531, 0, 0, 0, 0, 0, 0, 0, 0, 0, 0, 161, 692
"/Users/joseph/Desktop/mularpay/md/Tue25thNov/Commission.md", "Markdown", 0, 0, 42, 0, 0, 0, 0, 0, 0, 0, 0, 0, 0, 14, 56
"/Users/joseph/Desktop/mularpay/md/Wed26thNov/WITHDRAWAL_FEATURE_IMPLEMENTATION.md", "Markdown", 0, 0, 451, 0, 0, 0, 0, 0, 0, 0, 0, 0, 0, 109, 560
"/Users/joseph/Desktop/mularpay/md/Wed3rdDec/RATE_LIMITING_IMPLEMENTATION.md", "Markdown", 0, 0, 205, 0, 0, 0, 0, 0, 0, 0, 0, 0, 0, 78, 283
"/Users/joseph/Desktop/mularpay/md/api-updates-needed.md", "Markdown", 0, 0, 1127, 0, 0, 0, 0, 0, 0, 0, 0, 0, 0, 280, 1407
"/Users/joseph/Desktop/mularpay/md/electricity.md", "Markdown", 0, 0, 342, 0, 0, 0, 0, 0, 0, 0, 0, 0, 0, 61, 403
"/Users/joseph/Desktop/mularpay/md/env-variables-guide.md", "Markdown", 0, 0, 76, 0, 0, 0, 0, 0, 0, 0, 0, 0, 0, 22, 98
"/Users/joseph/Desktop/mularpay/md/implementation.md", "Markdown", 0, 0, 131, 0, 0, 0, 0, 0, 0, 0, 0, 0, 0, 22, 153
"/Users/joseph/Desktop/mularpay/md/instructions.md", "Markdown", 0, 0, 26, 0, 0, 0, 0, 0, 0, 0, 0, 0, 0, 14, 40
"/Users/joseph/Desktop/mularpay/md/local-testing-with-ngrok.md", "Markdown", 0, 0, 548, 0, 0, 0, 0, 0, 0, 0, 0, 0, 0, 229, 777
"/Users/joseph/Desktop/mularpay/md/mobileapp.md", "Markdown", 0, 0, 2774, 0, 0, 0, 0, 0, 0, 0, 0, 0, 0, 504, 3278
"/Users/joseph/Desktop/mularpay/md/phase-1-3-implementation-summary.md", "Markdown", 0, 0, 287, 0, 0, 0, 0, 0, 0, 0, 0, 0, 0, 114, 401
"/Users/joseph/Desktop/mularpay/md/phase-1-3-production-todo.md", "Markdown", 0, 0, 382, 0, 0, 0, 0, 0, 0, 0, 0, 0, 0, 137, 519
"/Users/joseph/Desktop/mularpay/md/phase-1-3-user-testing.md", "Markdown", 0, 0, 528, 0, 0, 0, 0, 0, 0, 0, 0, 0, 0, 183, 711
"/Users/joseph/Desktop/mularpay/md/phase-1-3-verification-implementation.md", "Markdown", 0, 0, 209, 0, 0, 0, 0, 0, 0, 0, 0, 0, 0, 83, 292
"/Users/joseph/Desktop/mularpay/md/phase-1-3-verification-testing-guide.md", "Markdown", 0, 0, 438, 0, 0, 0, 0, 0, 0, 0, 0, 0, 0, 141, 579
"/Users/joseph/Desktop/mularpay/md/phase-1-4-testing-guide.md", "Markdown", 0, 0, 460, 0, 0, 0, 0, 0, 0, 0, 0, 0, 0, 176, 636
"/Users/joseph/Desktop/mularpay/md/phase-1-4-wallet-module.md", "Markdown", 0, 0, 331, 0, 0, 0, 0, 0, 0, 0, 0, 0, 0, 96, 427
"/Users/joseph/Desktop/mularpay/md/phase-1-5-environment-setup.md", "Markdown", 0, 0, 131, 0, 0, 0, 0, 0, 0, 0, 0, 0, 0, 45, 176
"/Users/joseph/Desktop/mularpay/md/phase-1-5-funding-withdrawals.md", "Markdown", 0, 0, 508, 0, 0, 0, 0, 0, 0, 0, 0, 0, 0, 168, 676
"/Users/joseph/Desktop/mularpay/md/phase-1-5-testing-guide.md", "Markdown", 0, 0, 406, 0, 0, 0, 0, 0, 0, 0, 0, 0, 0, 129, 535
"/Users/joseph/Desktop/mularpay/md/phase-1-6-p2p-mobile-implementation.md", "Markdown", 0, 0, 804, 0, 0, 0, 0, 0, 0, 0, 0, 0, 0, 189, 993
"/Users/joseph/Desktop/mularpay/md/phase-1-progress.md", "Markdown", 0, 0, 468, 0, 0, 0, 0, 0, 0, 0, 0, 0, 0, 166, 634
"/Users/joseph/Desktop/mularpay/md/phase-2-electricity-fixes.md", "Markdown", 0, 0, 176, 0, 0, 0, 0, 0, 0, 0, 0, 0, 0, 107, 283
"/Users/joseph/Desktop/mularpay/md/phase-2-electricity-testing-guide.md", "Markdown", 0, 0, 641, 0, 0, 0, 0, 0, 0, 0, 0, 0, 0, 157, 798
"/Users/joseph/Desktop/mularpay/md/phase-2-environment-setup.md", "Markdown", 0, 0, 239, 0, 0, 0, 0, 0, 0, 0, 0, 0, 0, 82, 321
"/Users/joseph/Desktop/mularpay/md/phase-2-testing-guide.md", "Markdown", 0, 0, 956, 0, 0, 0, 0, 0, 0, 0, 0, 0, 0, 232, 1188
"/Users/joseph/Desktop/mularpay/md/phase-2-vtu-services.md", "Markdown", 0, 0, 1093, 0, 0, 0, 0, 0, 0, 0, 0, 0, 0, 296, 1389
"/Users/joseph/Desktop/mularpay/md/phase-3-new-features-testing-guide.md", "Markdown", 0, 0, 830, 0, 0, 0, 0, 0, 0, 0, 0, 0, 0, 200, 1030
"/Users/joseph/Desktop/mularpay/md/phases-analysis.md", "Markdown", 0, 0, 168, 0, 0, 0, 0, 0, 0, 0, 0, 0, 0, 1, 169
"/Users/joseph/Desktop/mularpay/md/production-phase-1-5-testing.md", "Markdown", 0, 0, 274, 0, 0, 0, 0, 0, 0, 0, 0, 0, 0, 78, 352
"/Users/joseph/Desktop/mularpay/md/production-testing-guide.md", "Markdown", 0, 0, 630, 0, 0, 0, 0, 0, 0, 0, 0, 0, 0, 247, 877
"/Users/joseph/Desktop/mularpay/md/railway-cost-management.md", "Markdown", 0, 0, 546, 0, 0, 0, 0, 0, 0, 0, 0, 0, 0, 268, 814
"/Users/joseph/Desktop/mularpay/md/railway-deployment.md", "Markdown", 0, 0, 322, 0, 0, 0, 0, 0, 0, 0, 0, 0, 0, 148, 470
"/Users/joseph/Desktop/mularpay/md/termii.md", "Markdown", 0, 0, 197, 0, 0, 0, 0, 0, 0, 0, 0, 0, 0, 48, 245
"/Users/joseph/Desktop/mularpay/md/vtpasssms.md", "Markdown", 0, 0, 324, 0, 0, 0, 0, 0, 0, 0, 0, 0, 0, 80, 404
"/Users/joseph/Desktop/mularpay/package.json", "JSON", 0, 0, 0, 0, 0, 39, 0, 0, 0, 0, 0, 0, 0, 1, 40
"/Users/joseph/Desktop/mularpay/packages/config/eslint-preset.js", "JavaScript", 0, 0, 0, 0, 0, 0, 25, 0, 0, 0, 0, 0, 0, 1, 26
"/Users/joseph/Desktop/mularpay/packages/config/package.json", "JSON", 0, 0, 0, 0, 0, 6, 0, 0, 0, 0, 0, 0, 0, 1, 7
"/Users/joseph/Desktop/mularpay/packages/shared/package.json", "JSON", 0, 0, 0, 0, 0, 16, 0, 0, 0, 0, 0, 0, 0, 1, 17
"/Users/joseph/Desktop/mularpay/packages/shared/src/index.ts", "TypeScript", 232, 0, 0, 0, 0, 0, 0, 0, 0, 0, 0, 0, 64, 46, 342
"/Users/joseph/Desktop/mularpay/packages/shared/tsconfig.json", "JSON with Comments", 0, 0, 0, 0, 0, 0, 0, 11, 0, 0, 0, 0, 0, 1, 12
"/Users/joseph/Desktop/mularpay/pnpm-lock.yaml", "YAML", 0, 13909, 0, 0, 0, 0, 0, 0, 0, 0, 0, 0, 0, 1690, 15599
"/Users/joseph/Desktop/mularpay/pnpm-workspace.yaml", "YAML", 0, 3, 0, 0, 0, 0, 0, 0, 0, 0, 0, 0, 0, 1, 4
"/Users/joseph/Desktop/mularpay/test-webhook-local.sh", "Shell Script", 0, 0, 0, 127, 0, 0, 0, 0, 0, 0, 0, 0, 13, 22, 162
"/Users/joseph/Desktop/mularpay/tsconfig.base.json", "JSON", 0, 0, 0, 0, 0, 30, 0, 0, 0, 0, 0, 0, 0, 1, 31
"/Users/joseph/Desktop/mularpay/turbo.json", "JSON", 0, 0, 0, 0, 0, 33, 0, 0, 0, 0, 0, 0, 0, 1, 34
"Total", "-", 36198, 19105, 34053, 175, 1829, 13573, 306, 104, 10, 17677, 138, 6, 6338, 19942, 149454